areaname;pmapversion;colin27_l;colin27_r;icbm152asym2009c_l;icbm152asym2009c_r;JulichBrain157Atlas;JulichBrain175Atlas;fsaverage
AcbL;5.0;AcbL_pmap_l_N10_nlin2Stdcolin27_5.0_public_81120cd10e215bc8389672c821a21cf0.nii.gz;AcbL_pmap_r_N10_nlin2Stdcolin27_5.0_public_482f83e1200519b8a66ebff27aa7705e.nii.gz;AcbL_pmap_l_N10_nlin2ICBM152asym2009c_5.0_public_d5a675b4c2478bae48a515e54ec42ee3.nii.gz;AcbL_pmap_r_N10_nlin2ICBM152asym2009c_5.0_public_6e91ff417841425f8ba3fd6061ad884e.nii.gz;1;1;0
AcbM;5.0;AcbM_pmap_l_N10_nlin2Stdcolin27_5.0_public_85171d73dc6e5abb4be78eb97e8dd223.nii.gz;AcbM_pmap_r_N10_nlin2Stdcolin27_5.0_public_90c6b6365e5a6d1ce0e395cc15e3c945.nii.gz;AcbM_pmap_l_N10_nlin2ICBM152asym2009c_5.0_public_44b0f44c0b10f6b21174f00df541929f.nii.gz;AcbM_pmap_r_N10_nlin2ICBM152asym2009c_5.0_public_8b6d5acc6c5d7821879d0ab95b8666dd.nii.gz;1;1;0
Area-1;12.1;Area-1_pmap_l_N10_nlin2Stdcolin27_12.1_public_4c84a10b377d411a63f2185557219b30.nii.gz;Area-1_pmap_r_N10_nlin2Stdcolin27_12.1_public_9c1529cb2a30ee86e6cd6442dddf6bec.nii.gz;Area-1_pmap_l_N10_nlin2ICBM152asym2009c_12.1_public_917f6336c84c8e54656f93a9a131a77e.nii.gz;Area-1_pmap_r_N10_nlin2ICBM152asym2009c_12.1_public_d45e57f9955eaa4bc3e8f70f2f5760ad.nii.gz;1;1;1
Area-25.25a;20.1;Area-25.25a_pmap_l_N10_nlin2Stdcolin27_20.1_publicP_ecafdc626fa81116a215bff0d41fea8f.nii.gz;Area-25.25a_pmap_r_N10_nlin2Stdcolin27_20.1_publicP_5efda1aa2f9ec000b9af10ea9d125886.nii.gz;Area-25.25a_pmap_l_N10_nlin2ICBM152asym2009c_20.1_publicP_1e06dd85a87c3d863fbcb27b7abacc6b.nii.gz;Area-25.25a_pmap_r_N10_nlin2ICBM152asym2009c_20.1_publicP_c3ac5a85a09bc67039e9f2b9730a44a1.nii.gz;0;1;0
Area-25.25p;20.1;Area-25.25p_pmap_l_N10_nlin2Stdcolin27_20.1_publicP_c94b47a8c224ba2e5c6c3747b248c1a8.nii.gz;Area-25.25p_pmap_r_N10_nlin2Stdcolin27_20.1_publicP_c89f46c3bb8109bfc135802ec8b26c1b.nii.gz;Area-25.25p_pmap_l_N10_nlin2ICBM152asym2009c_20.1_publicP_d7e51ce042eefdacc22200835609d806.nii.gz;Area-25.25p_pmap_r_N10_nlin2ICBM152asym2009c_20.1_publicP_e47180454e46d7898a06dacdab1cee25.nii.gz;0;1;0
Area-25;20.1;Area-25_pmap_l_N10_nlin2Stdcolin27_20.1_public_e750622c4f3ca2c0ea752d1700304181.nii.gz;Area-25_pmap_r_N10_nlin2Stdcolin27_20.1_public_5ea55be563c901feee1d3a9812bd5424.nii.gz;Area-25_pmap_l_N10_nlin2ICBM152asym2009c_20.1_public_a1170257994b813ae007b41abc8b5d87.nii.gz;Area-25_pmap_r_N10_nlin2ICBM152asym2009c_20.1_public_3f07f9aef52f9b1cf085e6bc550ed377.nii.gz;1;0;1
Area-2;7.1;Area-2_pmap_l_N10_nlin2Stdcolin27_7.1_public_0f22a34e441eb1dd35f0a14075b9b724.nii.gz;Area-2_pmap_r_N10_nlin2Stdcolin27_7.1_public_21107ae4dcab2686b31b9cba4d8b426c.nii.gz;Area-2_pmap_l_N10_nlin2ICBM152asym2009c_7.1_public_823814f2cff1abdd77083ecec86f792f.nii.gz;Area-2_pmap_r_N10_nlin2ICBM152asym2009c_7.1_public_19afa2616d65312db3b001db7bb3fab3.nii.gz;1;1;1
Area-33;20.1;Area-33_pmap_l_N10_nlin2Stdcolin27_20.1_public_070b480b08747d2b9a273da6ddb82bad.nii.gz;Area-33_pmap_r_N10_nlin2Stdcolin27_20.1_public_333f36b91ef2031fb9debbbd1a9ea190.nii.gz;Area-33_pmap_l_N10_nlin2ICBM152asym2009c_20.1_public_ce053ee4a1da3793aeaf9c823fb04f57.nii.gz;Area-33_pmap_r_N10_nlin2ICBM152asym2009c_20.1_public_14bc9f7972476412ba5328f363fcf878.nii.gz;1;1;1
Area-3a;12.1;Area-3a_pmap_l_N10_nlin2Stdcolin27_12.1_public_9055774bd49849f12a9011e757d96031.nii.gz;Area-3a_pmap_r_N10_nlin2Stdcolin27_12.1_public_82cf26c72a85d3589896958d4272eff7.nii.gz;Area-3a_pmap_l_N10_nlin2ICBM152asym2009c_12.1_public_33d826d9703f75a8219b65150cafe9a4.nii.gz;Area-3a_pmap_r_N10_nlin2ICBM152asym2009c_12.1_public_3403bf16501a63e58d6c39353d0eb962.nii.gz;1;1;1
Area-3b;12.1;Area-3b_pmap_l_N10_nlin2Stdcolin27_12.1_public_ffdaa14312333289d8c9bcc68fdff162.nii.gz;Area-3b_pmap_r_N10_nlin2Stdcolin27_12.1_public_fbb2282b00af2669750f5000cecc64d0.nii.gz;Area-3b_pmap_l_N10_nlin2ICBM152asym2009c_12.1_public_70f0b933eead47bcbf105716f93123c4.nii.gz;Area-3b_pmap_r_N10_nlin2ICBM152asym2009c_12.1_public_6517d48da714bce61433e343aca54c5c.nii.gz;1;1;1
Area-44;9.2;Area-44_pmap_l_N10_nlin2Stdcolin27_9.2_public_976cf1b63bfcf13989b193c3ec581f4e.nii.gz;Area-44_pmap_r_N10_nlin2Stdcolin27_9.2_public_e64be012d7698a7b363b9373e19405b3.nii.gz;Area-44_pmap_l_N10_nlin2ICBM152asym2009c_9.2_public_eeccce1b0d6047a0139ff5853684827c.nii.gz;Area-44_pmap_r_N10_nlin2ICBM152asym2009c_9.2_public_34fd1d8284ff525b62e3920044642957.nii.gz;1;1;1
Area-45;9.2;Area-45_pmap_l_N10_nlin2Stdcolin27_9.2_public_7c1358f21b8b097e672064e2a079ebdd.nii.gz;Area-45_pmap_r_N10_nlin2Stdcolin27_9.2_public_42debf617a6dc9ccc9062ec11854f9f7.nii.gz;Area-45_pmap_l_N10_nlin2ICBM152asym2009c_9.2_public_a860cf5fdc0d9b3fa675bf1257461f0a.nii.gz;Area-45_pmap_r_N10_nlin2ICBM152asym2009c_9.2_public_1c468681130e009386207aac03e1866f.nii.gz;1;1;1
Area-4a;13.1;Area-4a_pmap_l_N10_nlin2Stdcolin27_13.1_public_f700256fbce90b5aa6c9ab763ff133ea.nii.gz;Area-4a_pmap_r_N10_nlin2Stdcolin27_13.1_public_374855fb44bb92e37fee627233c9995d.nii.gz;Area-4a_pmap_l_N10_nlin2ICBM152asym2009c_13.1_public_f2603d97322a1e01395f5443fc1c367c.nii.gz;Area-4a_pmap_r_N10_nlin2ICBM152asym2009c_13.1_public_a86fa7bbff2cd729261dc5e63c683194.nii.gz;1;1;1
Area-4p;13.1;Area-4p_pmap_l_N10_nlin2Stdcolin27_13.1_public_37534fab05a08cd867cd463d37fc4308.nii.gz;Area-4p_pmap_r_N10_nlin2Stdcolin27_13.1_public_0b4eca02b7773d2f8eca2d380a141ddc.nii.gz;Area-4p_pmap_l_N10_nlin2ICBM152asym2009c_13.1_public_2a746f86065920dd1c46ba12abd575ed.nii.gz;Area-4p_pmap_r_N10_nlin2ICBM152asym2009c_13.1_public_967dcdc05db4d693fa222dfa903e4acf.nii.gz;1;1;1
Area-5Ci;9.2;Area-5Ci_pmap_l_N10_nlin2Stdcolin27_9.2_public_f1af075959901b00590732b05fbc135f.nii.gz;Area-5Ci_pmap_r_N10_nlin2Stdcolin27_9.2_public_0aab2e013e12dda8359128b9847f3c9f.nii.gz;Area-5Ci_pmap_l_N10_nlin2ICBM152asym2009c_9.2_public_7b94f6740e1c0ff1edb9bd56d0cf3dcc.nii.gz;Area-5Ci_pmap_r_N10_nlin2ICBM152asym2009c_9.2_public_b37019496137901efb96a9184419c13d.nii.gz;1;1;1
Area-5L;9.2;Area-5L_pmap_l_N10_nlin2Stdcolin27_9.2_public_ad2f7b10322096bc86713a5c8a60be47.nii.gz;Area-5L_pmap_r_N10_nlin2Stdcolin27_9.2_public_6f5612c4aaac62340ab052659a87ffde.nii.gz;Area-5L_pmap_l_N10_nlin2ICBM152asym2009c_9.2_public_e18b62cfb907b61918673e47cb668d6b.nii.gz;Area-5L_pmap_r_N10_nlin2ICBM152asym2009c_9.2_public_e13415afeb3e5104a596d5e6a852acc0.nii.gz;1;1;1
Area-5M;9.2;Area-5M_pmap_l_N10_nlin2Stdcolin27_9.2_public_f7a7e16d5754095c2c8c606d1916de54.nii.gz;Area-5M_pmap_r_N10_nlin2Stdcolin27_9.2_public_16bcdc2ffe60a86966bce86c44f95984.nii.gz;Area-5M_pmap_l_N10_nlin2ICBM152asym2009c_9.2_public_223d93669dbf5f7fd74ad98af560ea5f.nii.gz;Area-5M_pmap_r_N10_nlin2ICBM152asym2009c_9.2_public_248aeab591cbad2e9ef06188dac24915.nii.gz;1;1;1
Area-6d1;7.1;Area-6d1_pmap_l_N10_nlin2Stdcolin27_7.1_public_9ab710b8a12b38865ffa73ed70646954.nii.gz;Area-6d1_pmap_r_N10_nlin2Stdcolin27_7.1_public_60eb3c73c42fbd24bca0af0bee702da1.nii.gz;Area-6d1_pmap_l_N10_nlin2ICBM152asym2009c_7.1_public_b704c6c395addad26e782e1328a06f30.nii.gz;Area-6d1_pmap_r_N10_nlin2ICBM152asym2009c_7.1_public_a6250314d1e172e21738f6f9bc982502.nii.gz;1;1;1
Area-6d2;7.1;Area-6d2_pmap_l_N10_nlin2Stdcolin27_7.1_public_4dfb788fc07b90654f57665e8fc9ef0b.nii.gz;Area-6d2_pmap_r_N10_nlin2Stdcolin27_7.1_public_1da21814cbe7b15bc3094b91cfa57d32.nii.gz;Area-6d2_pmap_l_N10_nlin2ICBM152asym2009c_7.1_public_16d22d92e248b0b7b20bfe8514ab84ca.nii.gz;Area-6d2_pmap_r_N10_nlin2ICBM152asym2009c_7.1_public_4d2cfe8662b29d032feabd889bc8ed57.nii.gz;1;1;1
Area-6d3;7.1;Area-6d3_pmap_l_N10_nlin2Stdcolin27_7.1_public_47925f620312464a179c4c83c22b13ab.nii.gz;Area-6d3_pmap_r_N10_nlin2Stdcolin27_7.1_public_be9e7ce0ea7dea3782c30e1715104ebd.nii.gz;Area-6d3_pmap_l_N10_nlin2ICBM152asym2009c_7.1_public_26f17ecb3ff58bb359f405ba3b2ccc13.nii.gz;Area-6d3_pmap_r_N10_nlin2ICBM152asym2009c_7.1_public_0f18aeee22767bc9267298f25737f76a.nii.gz;1;1;1
Area-6ma;12.1;Area-6ma_pmap_l_N10_nlin2Stdcolin27_12.1_public_ef7a1cc5f484a160e1cf0f9095468f14.nii.gz;Area-6ma_pmap_r_N10_nlin2Stdcolin27_12.1_public_fdd1748594ed36a32679921c0ff24b12.nii.gz;Area-6ma_pmap_l_N10_nlin2ICBM152asym2009c_12.1_public_c443921502ecd4ecbd0e223184b1e021.nii.gz;Area-6ma_pmap_r_N10_nlin2ICBM152asym2009c_12.1_public_9f7a070f41cd2554524c15e374cd2b5e.nii.gz;1;1;1
Area-6mp;12.1;Area-6mp_pmap_l_N10_nlin2Stdcolin27_12.1_public_c4a202bb3137c29e4c51e26f6232c7e0.nii.gz;Area-6mp_pmap_r_N10_nlin2Stdcolin27_12.1_public_00f507cf4b38c3df6775be5f64057e03.nii.gz;Area-6mp_pmap_l_N10_nlin2ICBM152asym2009c_12.1_public_7c7bb5ab274f648fa0ddde6e4da5788a.nii.gz;Area-6mp_pmap_r_N10_nlin2ICBM152asym2009c_12.1_public_590e24a0e8bd9ef448a2dd519c0fad2f.nii.gz;1;1;1
Area-7A;9.2;Area-7A_pmap_l_N10_nlin2Stdcolin27_9.2_public_3d944564765a86bb498fe754c6af978b.nii.gz;Area-7A_pmap_r_N10_nlin2Stdcolin27_9.2_public_d93c43966cc6829c21d82a01f9437bac.nii.gz;Area-7A_pmap_l_N10_nlin2ICBM152asym2009c_9.2_public_833feb968d6b6364021cc60e170c197e.nii.gz;Area-7A_pmap_r_N10_nlin2ICBM152asym2009c_9.2_public_cc6cccd72ff5bbf0ab22505594986199.nii.gz;1;1;1
Area-7M;9.2;Area-7M_pmap_l_N10_nlin2Stdcolin27_9.2_public_0b0847798a728239d2baf94abde893fe.nii.gz;Area-7M_pmap_r_N10_nlin2Stdcolin27_9.2_public_d612d3f68be04af61f68f4f9ffcfe23a.nii.gz;Area-7M_pmap_l_N10_nlin2ICBM152asym2009c_9.2_public_2155886116c32e2a76121048600cec2e.nii.gz;Area-7M_pmap_r_N10_nlin2ICBM152asym2009c_9.2_public_c186daddd76567c5703b7c54a19c4e31.nii.gz;1;1;1
Area-7P;9.2;Area-7P_pmap_l_N10_nlin2Stdcolin27_9.2_public_01fd1b2516a74b29e7bf43dc35040fd7.nii.gz;Area-7P_pmap_r_N10_nlin2Stdcolin27_9.2_public_91a3305bf392f834d0c536fe1fabab2f.nii.gz;Area-7P_pmap_l_N10_nlin2ICBM152asym2009c_9.2_public_1dd3422cd3f44cca5d6b8b4537924685.nii.gz;Area-7P_pmap_r_N10_nlin2ICBM152asym2009c_9.2_public_43732cc42ff3eef66120f97622e33370.nii.gz;1;1;1
Area-7PC;9.2;Area-7PC_pmap_l_N10_nlin2Stdcolin27_9.2_public_f140a6a205e5f977b667980303426910.nii.gz;Area-7PC_pmap_r_N10_nlin2Stdcolin27_9.2_public_438ccbc483fca0755306d173346b03f1.nii.gz;Area-7PC_pmap_l_N10_nlin2ICBM152asym2009c_9.2_public_64cfbb0152a01d407c9039d2f7a9dd98.nii.gz;Area-7PC_pmap_r_N10_nlin2ICBM152asym2009c_9.2_public_6c76be23f0fdaf3576f4e1ffe5d8318b.nii.gz;1;1;1
Area-8d1;4.2;Area-8d1_pmap_l_N10_nlin2Stdcolin27_4.2_public_f0207093d81f6b74393124fc40cd66fb.nii.gz;Area-8d1_pmap_r_N10_nlin2Stdcolin27_4.2_public_b8971b0a45e2f131fdb353e61d6f6e61.nii.gz;Area-8d1_pmap_l_N10_nlin2ICBM152asym2009c_4.2_public_5c9e7919baa6521484e8543da5959587.nii.gz;Area-8d1_pmap_r_N10_nlin2ICBM152asym2009c_4.2_public_525f87d32ad5be97017a05d59a8baf08.nii.gz;1;1;1
Area-8d2;4.2;Area-8d2_pmap_l_N10_nlin2Stdcolin27_4.2_public_4b3fa6e640b6d507db3ee6040148511a.nii.gz;Area-8d2_pmap_r_N10_nlin2Stdcolin27_4.2_public_2b82698db6ba3087530a21585a1a4944.nii.gz;Area-8d2_pmap_l_N10_nlin2ICBM152asym2009c_4.2_public_fb2a1756344027048e40a2f698cbd4b0.nii.gz;Area-8d2_pmap_r_N10_nlin2ICBM152asym2009c_4.2_public_979352e112d0123dc90aa40ced8e95aa.nii.gz;1;1;1
Area-8v1;4.2;Area-8v1_pmap_l_N10_nlin2Stdcolin27_4.2_public_5f250e63a488b38dc217f1141ad8e62f.nii.gz;Area-8v1_pmap_r_N10_nlin2Stdcolin27_4.2_public_b5bb03803bfb661fc5dad93e4d3670ab.nii.gz;Area-8v1_pmap_l_N10_nlin2ICBM152asym2009c_4.2_public_9c4a4a060334c56b673cda6d051ca7ed.nii.gz;Area-8v1_pmap_r_N10_nlin2ICBM152asym2009c_4.2_public_471bf28da88d0537de54711fa5f05612.nii.gz;1;1;0
Area-8v2;4.2;Area-8v2_pmap_l_N10_nlin2Stdcolin27_4.2_public_06542717e6f5934d5ed316bb2e2267a9.nii.gz;Area-8v2_pmap_r_N10_nlin2Stdcolin27_4.2_public_3f49192ae703505e469d2a47f2ade792.nii.gz;Area-8v2_pmap_l_N10_nlin2ICBM152asym2009c_4.2_public_a3dcdd788f455befabc7482ce375a779.nii.gz;Area-8v2_pmap_r_N10_nlin2ICBM152asym2009c_4.2_public_97d83751f3aa6fa6a29ec034cbd1cd75.nii.gz;1;1;1
Area-CoS1;7.2;Area-CoS1_pmap_l_N10_nlin2Stdcolin27_7.2_public_fe6b546a36ca6de361d505868028bd7e.nii.gz;Area-CoS1_pmap_r_N10_nlin2Stdcolin27_7.2_public_ef1f080be58d0db9c9336843b127ac7b.nii.gz;Area-CoS1_pmap_l_N10_nlin2ICBM152asym2009c_7.2_public_449fceec502f9045e111866a9196922e.nii.gz;Area-CoS1_pmap_r_N10_nlin2ICBM152asym2009c_7.2_public_d028a916c83bb7e73ecdc1932ecb8386.nii.gz;1;1;1
Area-FG1;3.2;Area-FG1_pmap_l_N10_nlin2Stdcolin27_3.2_public_51d01476a52a05da9e7120c12ed23fe8.nii.gz;Area-FG1_pmap_r_N10_nlin2Stdcolin27_3.2_public_0496a799320d5742f9d13861dd52f295.nii.gz;Area-FG1_pmap_l_N10_nlin2ICBM152asym2009c_3.2_public_7fd1bf99f34f5218414fbcbc606907e1.nii.gz;Area-FG1_pmap_r_N10_nlin2ICBM152asym2009c_3.2_public_d33905b3f0fe5f1d479dff97c20e2663.nii.gz;1;1;0
Area-FG2;3.2;Area-FG2_pmap_l_N10_nlin2Stdcolin27_3.2_public_5177b4237dbc54aae915c50bdc2a2f4e.nii.gz;Area-FG2_pmap_r_N10_nlin2Stdcolin27_3.2_public_cbee4d0793539c4a5036b8874e84d14c.nii.gz;Area-FG2_pmap_l_N10_nlin2ICBM152asym2009c_3.2_public_97168c81507f14e82fc4c2aeb1507abc.nii.gz;Area-FG2_pmap_r_N10_nlin2ICBM152asym2009c_3.2_public_746960d6d546532aca92f09d3fc57aa8.nii.gz;1;1;0
Area-FG3;7.2;Area-FG3_pmap_l_N10_nlin2Stdcolin27_7.2_public_eb54156b8c89b5027860a03727de868b.nii.gz;Area-FG3_pmap_r_N10_nlin2Stdcolin27_7.2_public_fdcd219c22295f776fd94cfb74d0d693.nii.gz;Area-FG3_pmap_l_N10_nlin2ICBM152asym2009c_7.2_public_178e98d4ef33d21b8566b809f46eaf62.nii.gz;Area-FG3_pmap_r_N10_nlin2ICBM152asym2009c_7.2_public_27f7c0c3268b72e9cfe2c583925f4033.nii.gz;1;1;1
Area-FG4;7.2;Area-FG4_pmap_l_N10_nlin2Stdcolin27_7.2_public_0e159409451b7730155dcaac2e3e2635.nii.gz;Area-FG4_pmap_r_N10_nlin2Stdcolin27_7.2_public_0c59996946bd9183e6294ed9a3db3682.nii.gz;Area-FG4_pmap_l_N10_nlin2ICBM152asym2009c_7.2_public_637e536abeb5daa57d21d18f2fad8494.nii.gz;Area-FG4_pmap_r_N10_nlin2ICBM152asym2009c_7.2_public_337453a3651673d79d4806a6d26d8569.nii.gz;1;1;1
Area-Fo1;5.2;Area-Fo1_pmap_l_N10_nlin2Stdcolin27_5.2_public_dfad2c1bdab565f634b5445ad46fd056.nii.gz;Area-Fo1_pmap_r_N10_nlin2Stdcolin27_5.2_public_dfd189766f6a1f5eafc6690e3ef3bbd7.nii.gz;Area-Fo1_pmap_l_N10_nlin2ICBM152asym2009c_5.2_public_9c6e0d367211686d11289a38be927b86.nii.gz;Area-Fo1_pmap_r_N10_nlin2ICBM152asym2009c_5.2_public_822a859bbc97b881eead99564d5e996f.nii.gz;1;1;1
Area-Fo2;5.2;Area-Fo2_pmap_l_N10_nlin2Stdcolin27_5.2_public_2d3943d56fcc52f54ad55cbba15db587.nii.gz;Area-Fo2_pmap_r_N10_nlin2Stdcolin27_5.2_public_d102385f8738ef6f2d329496cf26b576.nii.gz;Area-Fo2_pmap_l_N10_nlin2ICBM152asym2009c_5.2_public_fd4d648a8a2f047e2fa0928da2a68dc6.nii.gz;Area-Fo2_pmap_r_N10_nlin2ICBM152asym2009c_5.2_public_ab337ad170b91627020ff2dcc0516bfc.nii.gz;1;1;1
Area-Fo3;5.2;Area-Fo3_pmap_l_N10_nlin2Stdcolin27_5.2_public_8b2af70967046c169aa024866b76da29.nii.gz;Area-Fo3_pmap_r_N10_nlin2Stdcolin27_5.2_public_5624efc582d8e468307993b0ded5a962.nii.gz;Area-Fo3_pmap_l_N10_nlin2ICBM152asym2009c_5.2_public_e859c1294e40b27d945f52ae6156d93a.nii.gz;Area-Fo3_pmap_r_N10_nlin2ICBM152asym2009c_5.2_public_30cde82153ca9299f53cd4e69b5039be.nii.gz;1;1;1
Area-Fo4;3.2;Area-Fo4_pmap_l_N10_nlin2Stdcolin27_3.2_public_5fa9f6decb33f853984e18a4c8d609ae.nii.gz;Area-Fo4_pmap_r_N10_nlin2Stdcolin27_3.2_public_8aa448ef897ed0be3fa1b27545c5ba3d.nii.gz;Area-Fo4_pmap_l_N10_nlin2ICBM152asym2009c_3.2_public_ef0ed55f587b5bd64e197ad2fd75ddf8.nii.gz;Area-Fo4_pmap_r_N10_nlin2ICBM152asym2009c_3.2_public_5baf2b2f9a6743a1d358283b516a9f0d.nii.gz;1;1;1
Area-Fo5;3.2;Area-Fo5_pmap_l_N10_nlin2Stdcolin27_3.2_public_3625d93190a95c667f85464391820f2e.nii.gz;Area-Fo5_pmap_r_N10_nlin2Stdcolin27_3.2_public_374cb906591ab265fdecf88edf4a601d.nii.gz;Area-Fo5_pmap_l_N10_nlin2ICBM152asym2009c_3.2_public_51ca7f5815f32ed9e0cd61a343c2fab4.nii.gz;Area-Fo5_pmap_r_N10_nlin2ICBM152asym2009c_3.2_public_e6fea18cfe2e40f95b8b0026f496cced.nii.gz;1;1;1
Area-Fo6;3.2;Area-Fo6_pmap_l_N10_nlin2Stdcolin27_3.2_public_ec9ee7e1f6f6b71c5ee29196cdc024d7.nii.gz;Area-Fo6_pmap_r_N10_nlin2Stdcolin27_3.2_public_ea2a5f8bf4afa6ecbc3b20c3d1da7862.nii.gz;Area-Fo6_pmap_l_N10_nlin2ICBM152asym2009c_3.2_public_f3123640ef19659a50021c226f34c744.nii.gz;Area-Fo6_pmap_r_N10_nlin2ICBM152asym2009c_3.2_public_137e203aa33900133dda6b74f50779ad.nii.gz;1;1;1
Area-Fo7;3.2;Area-Fo7_pmap_l_N10_nlin2Stdcolin27_3.2_public_4c72844d128079cf3c3c3dec9cc8f827.nii.gz;Area-Fo7_pmap_r_N10_nlin2Stdcolin27_3.2_public_4732d901d3b444191112cb481bb6f402.nii.gz;Area-Fo7_pmap_l_N10_nlin2ICBM152asym2009c_3.2_public_629881084222a0d8e1ea174cad445990.nii.gz;Area-Fo7_pmap_r_N10_nlin2ICBM152asym2009c_3.2_public_89ae187309bf966ac9c22780eba0dddb.nii.gz;1;1;1
Area-Fp1;5.1;Area-Fp1_pmap_l_N10_nlin2Stdcolin27_5.1_public_13d1fd6a7fae68363e5bd11509b41773.nii.gz;Area-Fp1_pmap_r_N10_nlin2Stdcolin27_5.1_public_ce310fa501f9e7cd7237cc3d0828a53b.nii.gz;Area-Fp1_pmap_l_N10_nlin2ICBM152asym2009c_5.1_public_ace90ec5f557bacb5e248c00e025c620.nii.gz;Area-Fp1_pmap_r_N10_nlin2ICBM152asym2009c_5.1_public_3f3048f2da28e694747ee51a001f6830.nii.gz;1;1;1
Area-Fp2;5.1;Area-Fp2_pmap_l_N10_nlin2Stdcolin27_5.1_public_bbcf9e86c50902622de833ad3f8675ec.nii.gz;Area-Fp2_pmap_r_N10_nlin2Stdcolin27_5.1_public_270f779e72bc5d2a24e3c1b141701ee2.nii.gz;Area-Fp2_pmap_l_N10_nlin2ICBM152asym2009c_5.1_public_61cff8866c65b30304ea4bc91c720c4a.nii.gz;Area-Fp2_pmap_r_N10_nlin2ICBM152asym2009c_5.1_public_91b1c7bd31508392d58e4c4ae72fec12.nii.gz;1;1;1
Area-IFJ1;3.2;Area-IFJ1_pmap_l_N10_nlin2Stdcolin27_3.2_public_796978c333952620cc2c28d912e934d8.nii.gz;Area-IFJ1_pmap_r_N10_nlin2Stdcolin27_3.2_public_4bd137f8250acdada24fb549de334fc2.nii.gz;Area-IFJ1_pmap_l_N10_nlin2ICBM152asym2009c_3.2_public_cade192a7eaa78743277eda759573cf4.nii.gz;Area-IFJ1_pmap_r_N10_nlin2ICBM152asym2009c_3.2_public_15a853e6e271673ccf426d9eefb0d8ad.nii.gz;1;1;1
Area-IFJ2;3.2;Area-IFJ2_pmap_l_N10_nlin2Stdcolin27_3.2_public_c8825bb8a4a53176aad0fd38a02dc36f.nii.gz;Area-IFJ2_pmap_r_N10_nlin2Stdcolin27_3.2_public_0ec3afbe78f92b1fce1e28302665f8f9.nii.gz;Area-IFJ2_pmap_l_N10_nlin2ICBM152asym2009c_3.2_public_f627b87c781a55776a28201a55d4854c.nii.gz;Area-IFJ2_pmap_r_N10_nlin2ICBM152asym2009c_3.2_public_9616dac972c0e8cdfbdf870a0a72c30a.nii.gz;1;1;1
Area-IFS1;3.2;Area-IFS1_pmap_l_N10_nlin2Stdcolin27_3.2_public_7eb8eee6fe3db1883d9ec97616555839.nii.gz;Area-IFS1_pmap_r_N10_nlin2Stdcolin27_3.2_public_38fffa2f0f2b17bb2c11f445f253a520.nii.gz;Area-IFS1_pmap_l_N10_nlin2ICBM152asym2009c_3.2_public_869b680d774aa01180827c5e8264dc2c.nii.gz;Area-IFS1_pmap_r_N10_nlin2ICBM152asym2009c_3.2_public_2f6abe7352808ea52befefb430376b03.nii.gz;1;1;1
Area-IFS2;3.2;Area-IFS2_pmap_l_N10_nlin2Stdcolin27_3.2_public_f2ea945eef46641ab6671229880c8261.nii.gz;Area-IFS2_pmap_r_N10_nlin2Stdcolin27_3.2_public_275b82921d9b3d967f19610615479b0d.nii.gz;Area-IFS2_pmap_l_N10_nlin2ICBM152asym2009c_3.2_public_dcf58b1946576ddae3b671ed1ad46434.nii.gz;Area-IFS2_pmap_r_N10_nlin2ICBM152asym2009c_3.2_public_91ec9e205f059a0259fcc74cc274dee4.nii.gz;1;1;1
Area-IFS3;3.2;Area-IFS3_pmap_l_N10_nlin2Stdcolin27_3.2_public_8889a54909ef8ba88df0817825066613.nii.gz;Area-IFS3_pmap_r_N10_nlin2Stdcolin27_3.2_public_703a1fcfb74537bb54b8ab89de0be335.nii.gz;Area-IFS3_pmap_l_N10_nlin2ICBM152asym2009c_3.2_public_67fc4b9b14f60ad3ea19b20e3771706a.nii.gz;Area-IFS3_pmap_r_N10_nlin2ICBM152asym2009c_3.2_public_0f34f1a1e4259dca6044cf19a9fc07a2.nii.gz;1;1;1
Area-IFS4;3.2;Area-IFS4_pmap_l_N10_nlin2Stdcolin27_3.2_public_10970f419f4a19193ba88532fc0fc7dc.nii.gz;Area-IFS4_pmap_r_N10_nlin2Stdcolin27_3.2_public_7b8649a9938572f85d719094f6df5762.nii.gz;Area-IFS4_pmap_l_N10_nlin2ICBM152asym2009c_3.2_public_0556e44dea7869f2abb0594e83221d8a.nii.gz;Area-IFS4_pmap_r_N10_nlin2ICBM152asym2009c_3.2_public_3b523c683c3431fe5b81de179de6cab3.nii.gz;1;1;1
Area-Ia1;5.1;Area-Ia1_pmap_l_N10_nlin2Stdcolin27_5.1_public_9c051941676d9058aec281be42c3dd7c.nii.gz;Area-Ia1_pmap_r_N10_nlin2Stdcolin27_5.1_public_94743dca18ee270b0135303068e9de94.nii.gz;Area-Ia1_pmap_l_N10_nlin2ICBM152asym2009c_5.1_public_1924205ceb5326d10bcea91fd60e5355.nii.gz;Area-Ia1_pmap_r_N10_nlin2ICBM152asym2009c_5.1_public_3d093fb86d9e688f6eb57b85a795caa3.nii.gz;1;1;1
Area-Ia2;4.0;Area-Ia2_pmap_l_N10_nlin2Stdcolin27_4.0_public_4149a608caf7870dc1bf8a8362d0c746.nii.gz;Area-Ia2_pmap_r_N10_nlin2Stdcolin27_4.0_public_542992ec41160147868bb3b61060df42.nii.gz;Area-Ia2_pmap_l_N10_nlin2ICBM152asym2009c_4.0_public_f1be4a6fc29171d51924fb4ef7111528.nii.gz;Area-Ia2_pmap_r_N10_nlin2ICBM152asym2009c_4.0_public_e26d97898f76f04c9376c4583f3b982b.nii.gz;1;1;1
Area-Ia3;4.0;Area-Ia3_pmap_l_N10_nlin2Stdcolin27_4.0_public_5bb75d65da28512a99877864730f0415.nii.gz;Area-Ia3_pmap_r_N10_nlin2Stdcolin27_4.0_public_a18943163e17e47dccc464db6a33e71c.nii.gz;Area-Ia3_pmap_l_N10_nlin2ICBM152asym2009c_4.0_public_4499d4d9a1d003bf879252122edbdb9d.nii.gz;Area-Ia3_pmap_r_N10_nlin2ICBM152asym2009c_4.0_public_0dd85f2e739ba241a24e3668911b96ed.nii.gz;1;1;1
Area-Id10;4.0;Area-Id10_pmap_l_N10_nlin2Stdcolin27_4.0_public_504faeed34b26daac72bf8899c308161.nii.gz;Area-Id10_pmap_r_N10_nlin2Stdcolin27_4.0_public_15b447abd44f24d9e97d5a991ee33ae2.nii.gz;Area-Id10_pmap_l_N10_nlin2ICBM152asym2009c_4.0_public_ab7830922ef6d9ed8aeae7a2d6b95cfa.nii.gz;Area-Id10_pmap_r_N10_nlin2ICBM152asym2009c_4.0_public_b66058e67c3f529ea62810caa51f0a4d.nii.gz;1;1;1
Area-Id1;14.2;Area-Id1_pmap_l_N10_nlin2Stdcolin27_14.2_public_27dbfa6f07ea240725a81762f6c6d7c0.nii.gz;Area-Id1_pmap_r_N10_nlin2Stdcolin27_14.2_public_c9bc1717e3f246e7e8953591e7374a4e.nii.gz;Area-Id1_pmap_l_N10_nlin2ICBM152asym2009c_14.2_public_ea28b377a2ae46c32c3a8869f36b223e.nii.gz;Area-Id1_pmap_r_N10_nlin2ICBM152asym2009c_14.2_public_1fcf74ffdf974991c39e1cae8ad30974.nii.gz;1;1;1
Area-Id2;9.1;Area-Id2_pmap_l_N10_nlin2Stdcolin27_9.1_public_fb7a82f8093abb94ac8c1e3ca28e324d.nii.gz;Area-Id2_pmap_r_N10_nlin2Stdcolin27_9.1_public_0a62d13226b0c3565fb79e18c35d63aa.nii.gz;Area-Id2_pmap_l_N10_nlin2ICBM152asym2009c_9.1_public_194119b6f0562b1ca487e49e6a05cd2c.nii.gz;Area-Id2_pmap_r_N10_nlin2ICBM152asym2009c_9.1_public_30dc978aa8f534f79ec09454b2b511d7.nii.gz;1;1;1
Area-Id3;9.1;Area-Id3_pmap_l_N10_nlin2Stdcolin27_9.1_public_b7e92c8d7d63f1f09066360163fb6dc3.nii.gz;Area-Id3_pmap_r_N10_nlin2Stdcolin27_9.1_public_dcb41eb09522a7cd2f507e2f9321381e.nii.gz;Area-Id3_pmap_l_N10_nlin2ICBM152asym2009c_9.1_public_8f84c6744129a1b083c4aab9d560bc86.nii.gz;Area-Id3_pmap_r_N10_nlin2ICBM152asym2009c_9.1_public_5589f740688efb1851ddb7b02f9f86b8.nii.gz;1;1;1
Area-Id4;5.1;Area-Id4_pmap_l_N10_nlin2Stdcolin27_5.1_public_10e447bd9ad1d28c350674365aefbcef.nii.gz;Area-Id4_pmap_r_N10_nlin2Stdcolin27_5.1_public_09afbdc3dc7cb2b6694f5c5413c44fed.nii.gz;Area-Id4_pmap_l_N10_nlin2ICBM152asym2009c_5.1_public_11d1e13f53249eb2f566c069001002c8.nii.gz;Area-Id4_pmap_r_N10_nlin2ICBM152asym2009c_5.1_public_d281df774f7cc677139d0f346bb014be.nii.gz;1;1;1
Area-Id5;5.1;Area-Id5_pmap_l_N10_nlin2Stdcolin27_5.1_public_a279cded8fc6017738199b340400f61d.nii.gz;Area-Id5_pmap_r_N10_nlin2Stdcolin27_5.1_public_787f3e3d2af8489b14e136a622ede88f.nii.gz;Area-Id5_pmap_l_N10_nlin2ICBM152asym2009c_5.1_public_7ff9df5862b571a6928c0d34af435ec7.nii.gz;Area-Id5_pmap_r_N10_nlin2ICBM152asym2009c_5.1_public_9a52a6b91b1b21283cbb9da64a39ac0b.nii.gz;1;1;1
Area-Id6;5.1;Area-Id6_pmap_l_N10_nlin2Stdcolin27_5.1_public_c4269403bb6aff21e01a8fbb31769702.nii.gz;Area-Id6_pmap_r_N10_nlin2Stdcolin27_5.1_public_d45e0d65a76a76934d5643ea00c82c03.nii.gz;Area-Id6_pmap_l_N10_nlin2ICBM152asym2009c_5.1_public_061ac7e9320dfb8bb7a78f1c42716065.nii.gz;Area-Id6_pmap_r_N10_nlin2ICBM152asym2009c_5.1_public_80e4fbc1c5d4622d75644c754d872ec9.nii.gz;1;1;1
Area-Id7;8.1;Area-Id7_pmap_l_N10_nlin2Stdcolin27_8.1_public_5d41cc72e64aee186272592a358461d4.nii.gz;Area-Id7_pmap_r_N10_nlin2Stdcolin27_8.1_public_4147b5478cebb305f557f7821f3c29d2.nii.gz;Area-Id7_pmap_l_N10_nlin2ICBM152asym2009c_8.1_public_0dcc803de8d1cfcdc0c6d9db112cb75e.nii.gz;Area-Id7_pmap_r_N10_nlin2ICBM152asym2009c_8.1_public_b3ef2d64fd97fbede7674d9b42ec3f7f.nii.gz;1;1;1
Area-Id8;4.0;Area-Id8_pmap_l_N10_nlin2Stdcolin27_4.0_public_934328798b24891d52041661ac3b12f3.nii.gz;Area-Id8_pmap_r_N10_nlin2Stdcolin27_4.0_public_c9415aa990201f5e3e23a233e67f3ad8.nii.gz;Area-Id8_pmap_l_N10_nlin2ICBM152asym2009c_4.0_public_ec5e96184ca294d2aeeb660420ef3284.nii.gz;Area-Id8_pmap_r_N10_nlin2ICBM152asym2009c_4.0_public_abec915175623ef6ad8976e98b8c8342.nii.gz;1;1;1
Area-Id9;4.0;Area-Id9_pmap_l_N10_nlin2Stdcolin27_4.0_public_61d11d0ffaad1cfb93f76573cdacb4b2.nii.gz;Area-Id9_pmap_r_N10_nlin2Stdcolin27_4.0_public_15b434839db4faf3af73779e81c7b2c3.nii.gz;Area-Id9_pmap_l_N10_nlin2ICBM152asym2009c_4.0_public_59335166d7186acee7ca6859ae5633f6.nii.gz;Area-Id9_pmap_r_N10_nlin2ICBM152asym2009c_4.0_public_91081f2c347647843f50f47d462252e7.nii.gz;1;1;1
Area-Ig1;14.2;Area-Ig1_pmap_l_N10_nlin2Stdcolin27_14.2_public_18221853a3fbfc681ec2b679382f6d3c.nii.gz;Area-Ig1_pmap_r_N10_nlin2Stdcolin27_14.2_public_abe70671418d4ab641ebb5c57cf5c864.nii.gz;Area-Ig1_pmap_l_N10_nlin2ICBM152asym2009c_14.2_public_9362c360b00c7139259cb537e59c1d25.nii.gz;Area-Ig1_pmap_r_N10_nlin2ICBM152asym2009c_14.2_public_196a2a076c4db0b24cdb5954dd486bb4.nii.gz;1;1;1
Area-Ig2;14.2;Area-Ig2_pmap_l_N10_nlin2Stdcolin27_14.2_public_73c90ab3a9261dbd631c8694ff1d46d6.nii.gz;Area-Ig2_pmap_r_N10_nlin2Stdcolin27_14.2_public_9a7a17f0ba12cde5ba63a5f461778268.nii.gz;Area-Ig2_pmap_l_N10_nlin2ICBM152asym2009c_14.2_public_c3ddb8bddaca3c48d426e3408aa7e8e6.nii.gz;Area-Ig2_pmap_r_N10_nlin2ICBM152asym2009c_14.2_public_ddf58162df95ef45b30bef3bf217ccb6.nii.gz;1;1;1
Area-Ig3;5.1;Area-Ig3_pmap_l_N10_nlin2Stdcolin27_5.1_public_673dd6891bb7332207f355960b7231b0.nii.gz;Area-Ig3_pmap_r_N10_nlin2Stdcolin27_5.1_public_d1bea543d09dc8fa50e02a1a12014e11.nii.gz;Area-Ig3_pmap_l_N10_nlin2ICBM152asym2009c_5.1_public_a8accdf1d37cd59bdc51442adf42586e.nii.gz;Area-Ig3_pmap_r_N10_nlin2ICBM152asym2009c_5.1_public_b548dbc9f92b3e4554c3aa72c3a72336.nii.gz;1;1;0
Area-MFG1;9.0;Area-MFG1_pmap_l_N10_nlin2Stdcolin27_9.0_public_6114d32558eaa277bb4d46f0524ce52f.nii.gz;Area-MFG1_pmap_r_N10_nlin2Stdcolin27_9.0_public_4488b8a809fbb417a478f441f74ef8ca.nii.gz;Area-MFG1_pmap_l_N10_nlin2ICBM152asym2009c_9.0_public_0522196a74472f46a75270ff8704f2fa.nii.gz;Area-MFG1_pmap_r_N10_nlin2ICBM152asym2009c_9.0_public_8f6989ea959ef23f6d7e366e936fd134.nii.gz;1;1;1
Area-MFG2;9.0;Area-MFG2_pmap_l_N10_nlin2Stdcolin27_9.0_public_ba39198ca8bf42d6ccfd2cc643619ad4.nii.gz;Area-MFG2_pmap_r_N10_nlin2Stdcolin27_9.0_public_42b40d2cab2da1ca51fa66d8f52e60ce.nii.gz;Area-MFG2_pmap_l_N10_nlin2ICBM152asym2009c_9.0_public_627e4ab96837e93a4d7a7a4d1ac6c362.nii.gz;Area-MFG2_pmap_r_N10_nlin2ICBM152asym2009c_9.0_public_bef7fe770eda1ce1592da1a1cb922a52.nii.gz;1;1;1
Area-OP1;12.2;Area-OP1_pmap_l_N10_nlin2Stdcolin27_12.2_public_cfa7a81c353d2d8175262aa8a5261f5e.nii.gz;Area-OP1_pmap_r_N10_nlin2Stdcolin27_12.2_public_310e29a800afaec4d777714418f70509.nii.gz;Area-OP1_pmap_l_N10_nlin2ICBM152asym2009c_12.2_public_49ad466922f931fb3e121f1d78ec25dd.nii.gz;Area-OP1_pmap_r_N10_nlin2ICBM152asym2009c_12.2_public_b7b4b214da6a2cf40db1d0380a695f48.nii.gz;1;1;1
Area-OP2;12.2;Area-OP2_pmap_l_N10_nlin2Stdcolin27_12.2_public_40bd0a9aaa657d7c4cb74a3a603ea17e.nii.gz;Area-OP2_pmap_r_N10_nlin2Stdcolin27_12.2_public_709d2b22ef5e0d420f042e172c407595.nii.gz;Area-OP2_pmap_l_N10_nlin2ICBM152asym2009c_12.2_public_53e8f50b136ee6d19242e37fa763db4d.nii.gz;Area-OP2_pmap_r_N10_nlin2ICBM152asym2009c_12.2_public_9ae655ed7fea11e4e2efa44c64c0524c.nii.gz;1;1;0
Area-OP3;12.2;Area-OP3_pmap_l_N10_nlin2Stdcolin27_12.2_public_0923bb66427d768e4a1d65488de76d4b.nii.gz;Area-OP3_pmap_r_N10_nlin2Stdcolin27_12.2_public_4c463ff14db5054ea55bdfc44f3f4c3f.nii.gz;Area-OP3_pmap_l_N10_nlin2ICBM152asym2009c_12.2_public_eec5ab708f4bb01ecc0ffee23a0b9112.nii.gz;Area-OP3_pmap_r_N10_nlin2ICBM152asym2009c_12.2_public_6c61e32686388e05cdad5ccbeb88c445.nii.gz;1;1;1
Area-OP4;12.2;Area-OP4_pmap_l_N10_nlin2Stdcolin27_12.2_public_f4dc37ccf911e351008136b0605f9d0c.nii.gz;Area-OP4_pmap_r_N10_nlin2Stdcolin27_12.2_public_e08945fc38646d2c6ea6d8031eab1516.nii.gz;Area-OP4_pmap_l_N10_nlin2ICBM152asym2009c_12.2_public_686d0a4a3f545c744783613ffbf292a9.nii.gz;Area-OP4_pmap_r_N10_nlin2ICBM152asym2009c_12.2_public_8952027d4b0cc0ea64b2636f2596547c.nii.gz;1;1;1
Area-Op5;3.2;Area-Op5_pmap_l_N10_nlin2Stdcolin27_3.2_public_cedf748a6eb642e6158d19092de8aed4.nii.gz;Area-Op5_pmap_r_N10_nlin2Stdcolin27_3.2_public_0b4a05e69278b86b70b1004a7c89bd3d.nii.gz;Area-Op5_pmap_l_N10_nlin2ICBM152asym2009c_3.2_public_6407a8f3688d409b20f66d2fb4019dfb.nii.gz;Area-Op5_pmap_r_N10_nlin2ICBM152asym2009c_3.2_public_b80261d3e6527c4682ed41d5e93a7fd7.nii.gz;1;1;1
Area-Op6;3.2;Area-Op6_pmap_l_N10_nlin2Stdcolin27_3.2_public_031b287124ae1d43de62a7fb8416f56b.nii.gz;Area-Op6_pmap_r_N10_nlin2Stdcolin27_3.2_public_b61132bb1a66e027ef07e721910cf6a6.nii.gz;Area-Op6_pmap_l_N10_nlin2ICBM152asym2009c_3.2_public_64804a0a3c574052e9c8aa4a5db16b31.nii.gz;Area-Op6_pmap_r_N10_nlin2ICBM152asym2009c_3.2_public_7c79af13ce3990dbfb44c1fe5f3e5316.nii.gz;1;1;1
Area-Op7;3.2;Area-Op7_pmap_l_N10_nlin2Stdcolin27_3.2_public_83e46c99404013736b44d4849d426797.nii.gz;Area-Op7_pmap_r_N10_nlin2Stdcolin27_3.2_public_8ff9da9d604c1be78817afd0165063e5.nii.gz;Area-Op7_pmap_l_N10_nlin2ICBM152asym2009c_3.2_public_e48e6bf873eda6250304bcfe6bbb1503.nii.gz;Area-Op7_pmap_r_N10_nlin2ICBM152asym2009c_3.2_public_373171c993057361061711b3068c7d73.nii.gz;1;1;1
Area-Op8;6.2;Area-Op8_pmap_l_N10_nlin2Stdcolin27_6.2_public_a136e548f7a61016bc7245606cc8169b.nii.gz;Area-Op8_pmap_r_N10_nlin2Stdcolin27_6.2_public_13eb630733525d7cc0d1f7d1038bbcc5.nii.gz;Area-Op8_pmap_l_N10_nlin2ICBM152asym2009c_6.2_public_02773d41337715b4aab20475fc07e4a0.nii.gz;Area-Op8_pmap_r_N10_nlin2ICBM152asym2009c_6.2_public_23f6b750a6dbace45adbef9113a48335.nii.gz;1;1;1
Area-Op9;6.2;Area-Op9_pmap_l_N10_nlin2Stdcolin27_6.2_public_d160880398c3a7b7cde2bb571b7cea00.nii.gz;Area-Op9_pmap_r_N10_nlin2Stdcolin27_6.2_public_0499f0fc1b057199d76b392d589a8049.nii.gz;Area-Op9_pmap_l_N10_nlin2ICBM152asym2009c_6.2_public_34bd392a15bd466437328262e5bfb40a.nii.gz;Area-Op9_pmap_r_N10_nlin2ICBM152asym2009c_6.2_public_579baba213b26f1b21ba6a321416da58.nii.gz;1;1;1
Area-PF;11.2;Area-PF_pmap_l_N10_nlin2Stdcolin27_11.2_public_b3c1f94978f7460ef6e0ef9231db6344.nii.gz;Area-PF_pmap_r_N10_nlin2Stdcolin27_11.2_public_bb7ecaabdff4e6d44b028e9490d90a79.nii.gz;Area-PF_pmap_l_N10_nlin2ICBM152asym2009c_11.2_public_98625b8444b60cb573a2526048e57be3.nii.gz;Area-PF_pmap_r_N10_nlin2ICBM152asym2009c_11.2_public_bcb97befc877bc8bce4bc15d84e121e8.nii.gz;1;1;1
Area-PFcm;11.2;Area-PFcm_pmap_l_N10_nlin2Stdcolin27_11.2_public_559b44fa2c19e19432a10622287571f0.nii.gz;Area-PFcm_pmap_r_N10_nlin2Stdcolin27_11.2_public_3f808b4121b14ab96be6ddd90470f386.nii.gz;Area-PFcm_pmap_l_N10_nlin2ICBM152asym2009c_11.2_public_0587a0099773df35b0f5539435d305c2.nii.gz;Area-PFcm_pmap_r_N10_nlin2ICBM152asym2009c_11.2_public_a9174ea06b8df12cc6b3c13a2adf5c00.nii.gz;1;1;1
Area-PFm;11.2;Area-PFm_pmap_l_N10_nlin2Stdcolin27_11.2_public_1e135f7ba5bb1b511b9483189f10bd16.nii.gz;Area-PFm_pmap_r_N10_nlin2Stdcolin27_11.2_public_6c8a9e109e30fd4a38bf7fa2549face7.nii.gz;Area-PFm_pmap_l_N10_nlin2ICBM152asym2009c_11.2_public_713823644d5d7e9253f3651a1e83d50a.nii.gz;Area-PFm_pmap_r_N10_nlin2ICBM152asym2009c_11.2_public_623a478bb156a3cb700398b389c094f8.nii.gz;1;1;1
Area-PFop;11.2;Area-PFop_pmap_l_N10_nlin2Stdcolin27_11.2_public_7f231290f39f018a0ba79830af3e700f.nii.gz;Area-PFop_pmap_r_N10_nlin2Stdcolin27_11.2_public_bc7421cc2e7e52bd4e9ac4f5c67faa93.nii.gz;Area-PFop_pmap_l_N10_nlin2ICBM152asym2009c_11.2_public_25b10aa4c66190c1dfc8fbb9918e940d.nii.gz;Area-PFop_pmap_r_N10_nlin2ICBM152asym2009c_11.2_public_34bdf31bf1640a121e307238ff8b6cf2.nii.gz;1;1;1
Area-PFt;11.2;Area-PFt_pmap_l_N10_nlin2Stdcolin27_11.2_public_f13ac36a27fab5a1524bb5b963798b9b.nii.gz;Area-PFt_pmap_r_N10_nlin2Stdcolin27_11.2_public_2bd603cad9ea3c1ade7c864675163921.nii.gz;Area-PFt_pmap_l_N10_nlin2ICBM152asym2009c_11.2_public_08dc0988c8996d1db8474f34a2214f9c.nii.gz;Area-PFt_pmap_r_N10_nlin2ICBM152asym2009c_11.2_public_37928eebd74ec464a580e0ed441dfeb4.nii.gz;1;1;1
Area-PGa;11.2;Area-PGa_pmap_l_N10_nlin2Stdcolin27_11.2_public_f6efd3562ebcdfe186dbd05cd4db658e.nii.gz;Area-PGa_pmap_r_N10_nlin2Stdcolin27_11.2_public_dcba73a67276727558b4e6f48320960e.nii.gz;Area-PGa_pmap_l_N10_nlin2ICBM152asym2009c_11.2_public_a809fe0c6c1f282ec223dd4e3e2b828f.nii.gz;Area-PGa_pmap_r_N10_nlin2ICBM152asym2009c_11.2_public_60897d242225609693c99372d2417efb.nii.gz;1;1;1
Area-PGp;11.2;Area-PGp_pmap_l_N10_nlin2Stdcolin27_11.2_public_c05c616e1f446bb34b886067edd27dfb.nii.gz;Area-PGp_pmap_r_N10_nlin2Stdcolin27_11.2_public_7aad7b16e09e86946787936e67bcc2b4.nii.gz;Area-PGp_pmap_l_N10_nlin2ICBM152asym2009c_11.2_public_3af2e072b7c716d77d9cc5741acf32dd.nii.gz;Area-PGp_pmap_r_N10_nlin2ICBM152asym2009c_11.2_public_db17b460de0b41245d22faca56fd491e.nii.gz;1;1;1
Area-Ph1;7.2;Area-Ph1_pmap_l_N10_nlin2Stdcolin27_7.2_public_44519bb13063414aa2e8d7d056779dce.nii.gz;Area-Ph1_pmap_r_N10_nlin2Stdcolin27_7.2_public_9d27e0a11d0ff40d712bedcab676a438.nii.gz;Area-Ph1_pmap_l_N10_nlin2ICBM152asym2009c_7.2_public_9bcdc2d3410d6cc5064abbdc0dcfb715.nii.gz;Area-Ph1_pmap_r_N10_nlin2ICBM152asym2009c_7.2_public_15e1053b93a72c4b48a16cd19e478e2d.nii.gz;1;1;1
Area-Ph2;7.2;Area-Ph2_pmap_l_N10_nlin2Stdcolin27_7.2_public_6a3a66a29852730a4dca06bd5574a5f0.nii.gz;Area-Ph2_pmap_r_N10_nlin2Stdcolin27_7.2_public_a8d4ca874d7058dc06c8cba2b9e026ed.nii.gz;Area-Ph2_pmap_l_N10_nlin2ICBM152asym2009c_7.2_public_2cc8fd589e685ff39e915a47e681dca0.nii.gz;Area-Ph2_pmap_r_N10_nlin2ICBM152asym2009c_7.2_public_e769f25c5c6bf2eef22415e57efc3d0a.nii.gz;1;1;1
Area-Ph3;7.2;Area-Ph3_pmap_l_N10_nlin2Stdcolin27_7.2_public_8b4d37773eb2e73c598c5dd4818f5c56.nii.gz;Area-Ph3_pmap_r_N10_nlin2Stdcolin27_7.2_public_dfd1c8476804c1fc3784f8f42d03999e.nii.gz;Area-Ph3_pmap_l_N10_nlin2ICBM152asym2009c_7.2_public_cd10de12da7323ecf2516edeebda7a0f.nii.gz;Area-Ph3_pmap_r_N10_nlin2ICBM152asym2009c_7.2_public_ad080e84cc2e184c79e913df1369cd57.nii.gz;1;1;1
Area-SFS1;9.0;Area-SFS1_pmap_l_N10_nlin2Stdcolin27_9.0_public_12538dfa5d89c1ce8d690904e5d2ccb0.nii.gz;Area-SFS1_pmap_r_N10_nlin2Stdcolin27_9.0_public_ec6c66ab92a89277a744274b832003c0.nii.gz;Area-SFS1_pmap_l_N10_nlin2ICBM152asym2009c_9.0_public_4e2c80a361becd7686c23c6b010cf229.nii.gz;Area-SFS1_pmap_r_N10_nlin2ICBM152asym2009c_9.0_public_9012e25e11f6c7cbeaa2f0f21c9b37a0.nii.gz;1;1;1
Area-SFS2;9.0;Area-SFS2_pmap_l_N10_nlin2Stdcolin27_9.0_public_5991accbce23b5a91dc78f2dcdd993e6.nii.gz;Area-SFS2_pmap_r_N10_nlin2Stdcolin27_9.0_public_e80e63c8e74723c5b47c4a685790ee37.nii.gz;Area-SFS2_pmap_l_N10_nlin2ICBM152asym2009c_9.0_public_cc3be0f34e79c6fb5714c83571386f7c.nii.gz;Area-SFS2_pmap_r_N10_nlin2ICBM152asym2009c_9.0_public_8f8aed9aa8bc524f48a73bd8cedab695.nii.gz;1;1;1
Area-STS1;5.3;Area-STS1_pmap_l_N10_nlin2Stdcolin27_5.3_public_c1ac698445aa4ef4847d88846bd12e12.nii.gz;Area-STS1_pmap_r_N10_nlin2Stdcolin27_5.3_public_ba2af2fc5b0a333770161252a4e585e6.nii.gz;Area-STS1_pmap_l_N10_nlin2ICBM152asym2009c_5.3_public_1240897be9b81a1f203153e8732ea065.nii.gz;Area-STS1_pmap_r_N10_nlin2ICBM152asym2009c_5.3_public_b092b7834e8118865300e94824df7cbc.nii.gz;1;1;1
Area-STS2;5.3;Area-STS2_pmap_l_N10_nlin2Stdcolin27_5.3_public_4f5f72b50f3fe45e2f52062b015d17da.nii.gz;Area-STS2_pmap_r_N10_nlin2Stdcolin27_5.3_public_d57f94136109ef7af5373ad33fd9163e.nii.gz;Area-STS2_pmap_l_N10_nlin2ICBM152asym2009c_5.3_public_775aa554a447c811dd68a8656a281973.nii.gz;Area-STS2_pmap_r_N10_nlin2ICBM152asym2009c_5.3_public_b30c3f066b7b7d119e68cd2ef0cbbce7.nii.gz;1;1;1
Area-TE-1.0;6.2;Area-TE-1.0_pmap_l_N10_nlin2Stdcolin27_6.2_public_f3a802ef208b63fadc0d1b28726e4abd.nii.gz;Area-TE-1.0_pmap_r_N10_nlin2Stdcolin27_6.2_public_0f6a081caa3f20a185157ace40748db6.nii.gz;Area-TE-1.0_pmap_l_N10_nlin2ICBM152asym2009c_6.2_public_f4d8ccf91eca83cb18cd54f2ea04036c.nii.gz;Area-TE-1.0_pmap_r_N10_nlin2ICBM152asym2009c_6.2_public_04f152b6ad0157316d626b2a1c36dca8.nii.gz;1;1;1
Area-TE-1.1;6.2;Area-TE-1.1_pmap_l_N10_nlin2Stdcolin27_6.2_public_e43c9f2224a6266e3a9acc7f79b9f885.nii.gz;Area-TE-1.1_pmap_r_N10_nlin2Stdcolin27_6.2_public_398ba1369f8bf46e8f0a3b4e4c5444d3.nii.gz;Area-TE-1.1_pmap_l_N10_nlin2ICBM152asym2009c_6.2_public_a41562b27e7cdfe55b4c2900a4f017f3.nii.gz;Area-TE-1.1_pmap_r_N10_nlin2ICBM152asym2009c_6.2_public_aab58ece8a2d729900ffb14cd22423a6.nii.gz;1;1;1
Area-TE-1.2;6.2;Area-TE-1.2_pmap_l_N10_nlin2Stdcolin27_6.2_public_7e9f6a20dac7c3670cc0b0c293e58367.nii.gz;Area-TE-1.2_pmap_r_N10_nlin2Stdcolin27_6.2_public_c09fdc082e938888beea815aca594406.nii.gz;Area-TE-1.2_pmap_l_N10_nlin2ICBM152asym2009c_6.2_public_b7190b44bd3b277403dbad7d2d5bf65c.nii.gz;Area-TE-1.2_pmap_r_N10_nlin2ICBM152asym2009c_6.2_public_e19bb256b7c1ff5f3d850bb9284d647c.nii.gz;1;1;1
Area-TE-2.1;6.2;Area-TE-2.1_pmap_l_N10_nlin2Stdcolin27_6.2_public_766a50650a46db545a15d946bbaba9f7.nii.gz;Area-TE-2.1_pmap_r_N10_nlin2Stdcolin27_6.2_public_b73295ab0d75186041f702c9e3d79a14.nii.gz;Area-TE-2.1_pmap_l_N10_nlin2ICBM152asym2009c_6.2_public_23d3c5bd0c0132b01237f142cb2fab67.nii.gz;Area-TE-2.1_pmap_r_N10_nlin2ICBM152asym2009c_6.2_public_8263edc439aa6ce764111c4bcf4a8d6f.nii.gz;1;1;1
Area-TE-2.2;6.2;Area-TE-2.2_pmap_l_N10_nlin2Stdcolin27_6.2_public_483fc8013c319690e0367baf95f13a6b.nii.gz;Area-TE-2.2_pmap_r_N10_nlin2Stdcolin27_6.2_public_20afb712ed258c64a3cc48c7f5c9e156.nii.gz;Area-TE-2.2_pmap_l_N10_nlin2ICBM152asym2009c_6.2_public_9f3cfe65658dbf1b2f1fb2aa8e4168ae.nii.gz;Area-TE-2.2_pmap_r_N10_nlin2ICBM152asym2009c_6.2_public_3a72ee115c1817be68ffd87fb0edb743.nii.gz;1;1;1
Area-TE-3;6.2;Area-TE-3_pmap_l_N10_nlin2Stdcolin27_6.2_public_dfbae8b8f5b4a5dd8399eb31816ad8a6.nii.gz;Area-TE-3_pmap_r_N10_nlin2Stdcolin27_6.2_public_c5c302c4ace880a723a9cba5479ed668.nii.gz;Area-TE-3_pmap_l_N10_nlin2ICBM152asym2009c_6.2_public_4348254b96401b2587b9b98e4869ad8d.nii.gz;Area-TE-3_pmap_r_N10_nlin2ICBM152asym2009c_6.2_public_e058bd70ab1b380f2bda5e14438e02a3.nii.gz;1;1;1
Area-TI;6.2;Area-TI_pmap_l_N10_nlin2Stdcolin27_6.2_public_6d0cb72829f9a9b8531d8add6a63979b.nii.gz;Area-TI_pmap_r_N10_nlin2Stdcolin27_6.2_public_656bbacca9ec4cbe8a07d1ea461d8a63.nii.gz;Area-TI_pmap_l_N10_nlin2ICBM152asym2009c_6.2_public_893f9ec02beae03fa2c4a0eef0f131dd.nii.gz;Area-TI_pmap_r_N10_nlin2ICBM152asym2009c_6.2_public_b2d798cbe0d508449d697eccf142c42d.nii.gz;1;1;1
Area-TPJ;6.2;Area-TPJ_pmap_l_N10_nlin2Stdcolin27_6.2_public_12520ff9e985f5b463f5aa595d0780dc.nii.gz;Area-TPJ_pmap_r_N10_nlin2Stdcolin27_6.2_public_8e5fd1cd13cf15ea4ef7ea7a62a28b96.nii.gz;Area-TPJ_pmap_l_N10_nlin2ICBM152asym2009c_6.2_public_47b5bda9486e193e9e5003a689b2ea48.nii.gz;Area-TPJ_pmap_r_N10_nlin2ICBM152asym2009c_6.2_public_1a7dd4aeaaa5a17ae02587eb9d3a01f8.nii.gz;1;1;1
Area-TeI;6.2;Area-TeI_pmap_l_N10_nlin2Stdcolin27_6.2_public_16b41ba77f621457904be132632a8c10.nii.gz;Area-TeI_pmap_r_N10_nlin2Stdcolin27_6.2_public_2d27ff3d009f434b0bbf4c766f5bef03.nii.gz;Area-TeI_pmap_l_N10_nlin2ICBM152asym2009c_6.2_public_2f2d876e4fcc39b6748e0be6a94fc208.nii.gz;Area-TeI_pmap_r_N10_nlin2ICBM152asym2009c_6.2_public_deeede797dee36b3c7bf87f429d396b0.nii.gz;1;1;1
Area-hIP1;7.2;Area-hIP1_pmap_l_N10_nlin2Stdcolin27_7.2_public_1b7070271159579a31872a1470f2ae8f.nii.gz;Area-hIP1_pmap_r_N10_nlin2Stdcolin27_7.2_public_076041c8de858b80e59f7618089d60e6.nii.gz;Area-hIP1_pmap_l_N10_nlin2ICBM152asym2009c_7.2_public_c27ad606071e86224e101390a4a125f4.nii.gz;Area-hIP1_pmap_r_N10_nlin2ICBM152asym2009c_7.2_public_e7a050b34cc1a17d0f66e29b78bd2e58.nii.gz;1;1;1
Area-hIP2;7.2;Area-hIP2_pmap_l_N10_nlin2Stdcolin27_7.2_public_00bfe1f4017ff4d5d0dbf8b821177f57.nii.gz;Area-hIP2_pmap_r_N10_nlin2Stdcolin27_7.2_public_54c63e31f2bdb752de91697793d5f4cb.nii.gz;Area-hIP2_pmap_l_N10_nlin2ICBM152asym2009c_7.2_public_4037a10c3c4b3cd2029ffb38c200eacc.nii.gz;Area-hIP2_pmap_r_N10_nlin2ICBM152asym2009c_7.2_public_930cde3c619079081ef360cf4351f71f.nii.gz;1;1;1
Area-hIP3;9.2;Area-hIP3_pmap_l_N10_nlin2Stdcolin27_9.2_public_8340319b5cf6f91a0f442dbd0b614c11.nii.gz;Area-hIP3_pmap_r_N10_nlin2Stdcolin27_9.2_public_a085108a03f7d9de549f3607d280646c.nii.gz;Area-hIP3_pmap_l_N10_nlin2ICBM152asym2009c_9.2_public_da69d876b86179b3642b4404dd2c515d.nii.gz;Area-hIP3_pmap_r_N10_nlin2ICBM152asym2009c_9.2_public_b9bacec775318acf297c4c582dc119f5.nii.gz;1;1;1
Area-hIP4;7.3;Area-hIP4_pmap_l_N10_nlin2Stdcolin27_7.3_public_52b3269ebf4e03d81405178a8cd432e4.nii.gz;Area-hIP4_pmap_r_N10_nlin2Stdcolin27_7.3_public_12e6215449548fb4428216e5fd90f0a8.nii.gz;Area-hIP4_pmap_l_N10_nlin2ICBM152asym2009c_7.3_public_a4fd64d6bf3513fda600c2c3082a653d.nii.gz;Area-hIP4_pmap_r_N10_nlin2ICBM152asym2009c_7.3_public_87063beb22c6cbf7173e7a552eb396d3.nii.gz;1;1;1
Area-hIP5;7.3;Area-hIP5_pmap_l_N10_nlin2Stdcolin27_7.3_public_178e7ccca6a861df6262c1f3d2c64e78.nii.gz;Area-hIP5_pmap_r_N10_nlin2Stdcolin27_7.3_public_52d574566ec8279bca137f9b486de27e.nii.gz;Area-hIP5_pmap_l_N10_nlin2ICBM152asym2009c_7.3_public_d001269330bd68edea225061553a3e5c.nii.gz;Area-hIP5_pmap_r_N10_nlin2ICBM152asym2009c_7.3_public_670f64d8c030f4463534ced225e66f74.nii.gz;1;1;1
Area-hIP6;7.3;Area-hIP6_pmap_l_N10_nlin2Stdcolin27_7.3_public_32a985a745ec729c27b8cc878ed09bc2.nii.gz;Area-hIP6_pmap_r_N10_nlin2Stdcolin27_7.3_public_36e4aad9cb8bb398cdffd1019faec4e8.nii.gz;Area-hIP6_pmap_l_N10_nlin2ICBM152asym2009c_7.3_public_c21131534f4a054242533701d19db725.nii.gz;Area-hIP6_pmap_r_N10_nlin2ICBM152asym2009c_7.3_public_f43da835e7bc3eb9f940168364d1dee1.nii.gz;1;1;1
Area-hIP7;7.3;Area-hIP7_pmap_l_N10_nlin2Stdcolin27_7.3_public_65f37379ffb418c0cc0d82db66f1e75f.nii.gz;Area-hIP7_pmap_r_N10_nlin2Stdcolin27_7.3_public_e863eb7756207650005c4d68a92d82a1.nii.gz;Area-hIP7_pmap_l_N10_nlin2ICBM152asym2009c_7.3_public_0907ff93dba4405cfbbf0f2b966a898f.nii.gz;Area-hIP7_pmap_r_N10_nlin2ICBM152asym2009c_7.3_public_8b520317b2c3e01498fb0705a9bcff4e.nii.gz;1;1;1
Area-hIP8;7.3;Area-hIP8_pmap_l_N10_nlin2Stdcolin27_7.3_public_f251f2ab93b9ca4c478409c1198cca20.nii.gz;Area-hIP8_pmap_r_N10_nlin2Stdcolin27_7.3_public_b5688e899a78ab1988a0c697d3d19346.nii.gz;Area-hIP8_pmap_l_N10_nlin2ICBM152asym2009c_7.3_public_db78affaac48da2317c531fce4878ad0.nii.gz;Area-hIP8_pmap_r_N10_nlin2ICBM152asym2009c_7.3_public_6bae72973f15616a2ddc679ea2178b21.nii.gz;1;1;1
Area-hOc1;4.2;Area-hOc1_pmap_l_N10_nlin2Stdcolin27_4.2_public_2a5e0119ddd68703a41a0f7fb5464725.nii.gz;Area-hOc1_pmap_r_N10_nlin2Stdcolin27_4.2_public_621c6ff06192e91defe6cf463d81e0a9.nii.gz;Area-hOc1_pmap_l_N10_nlin2ICBM152asym2009c_4.2_public_258e8c1d846f92be76922b20287344ae.nii.gz;Area-hOc1_pmap_r_N10_nlin2ICBM152asym2009c_4.2_public_25d6b1baae6edb05dd73218ad1368f42.nii.gz;1;1;1
Area-hOc2;4.2;Area-hOc2_pmap_l_N10_nlin2Stdcolin27_4.2_public_41f060b2558f2404daf9e46344fb132d.nii.gz;Area-hOc2_pmap_r_N10_nlin2Stdcolin27_4.2_public_b7d5950dc12f38605f32fc07851bd03f.nii.gz;Area-hOc2_pmap_l_N10_nlin2ICBM152asym2009c_4.2_public_9c4ee83969bca4aa64072d66a2b94115.nii.gz;Area-hOc2_pmap_r_N10_nlin2ICBM152asym2009c_4.2_public_033901ff8f52f4a0a0827be93549ed63.nii.gz;1;1;1
Area-hOc3d;4.2;Area-hOc3d_pmap_l_N10_nlin2Stdcolin27_4.2_public_42f1cc9d91ba4cbd8e720fd3d89dc8df.nii.gz;Area-hOc3d_pmap_r_N10_nlin2Stdcolin27_4.2_public_70704b6acaecc356d409dad02c673e7e.nii.gz;Area-hOc3d_pmap_l_N10_nlin2ICBM152asym2009c_4.2_public_eba6ead05372683a912289f85d532198.nii.gz;Area-hOc3d_pmap_r_N10_nlin2ICBM152asym2009c_4.2_public_f05f13baa1f245402cf98bbc910d8994.nii.gz;1;1;1
Area-hOc3v;5.2;Area-hOc3v_pmap_l_N10_nlin2Stdcolin27_5.2_public_89a9c54dbcdc0e784ea8f99ef46b3f64.nii.gz;Area-hOc3v_pmap_r_N10_nlin2Stdcolin27_5.2_public_4c20b044274ed18e909c2ae6d3a8c90c.nii.gz;Area-hOc3v_pmap_l_N10_nlin2ICBM152asym2009c_5.2_public_4432ef321845027faf6faa6aaf0a7a5d.nii.gz;Area-hOc3v_pmap_r_N10_nlin2ICBM152asym2009c_5.2_public_9295030ddfefcaa303440d42928350b7.nii.gz;1;1;1
Area-hOc4d;4.2;Area-hOc4d_pmap_l_N10_nlin2Stdcolin27_4.2_public_e91075b7ab8a96ac0404f79825a80fdf.nii.gz;Area-hOc4d_pmap_r_N10_nlin2Stdcolin27_4.2_public_e27098c9264065fd2957e121f5a8c73c.nii.gz;Area-hOc4d_pmap_l_N10_nlin2ICBM152asym2009c_4.2_public_68b52ae33ba9f8422f6efa7baa9afd1d.nii.gz;Area-hOc4d_pmap_r_N10_nlin2ICBM152asym2009c_4.2_public_bcfa1c395e4190cf0b69ec7bc9041d43.nii.gz;1;1;1
Area-hOc4la;5.2;Area-hOc4la_pmap_l_N10_nlin2Stdcolin27_5.2_public_18a0381fafec389ba28ccf3f388ee559.nii.gz;Area-hOc4la_pmap_r_N10_nlin2Stdcolin27_5.2_public_bc2b8551ae0405f8380a6250a278bb55.nii.gz;Area-hOc4la_pmap_l_N10_nlin2ICBM152asym2009c_5.2_public_51a19e3119b6027d645ae6c116844eee.nii.gz;Area-hOc4la_pmap_r_N10_nlin2ICBM152asym2009c_5.2_public_8b5844318ce59d65a56df50c70841bea.nii.gz;1;1;1
Area-hOc4lp;5.2;Area-hOc4lp_pmap_l_N10_nlin2Stdcolin27_5.2_public_0d556fd55978804e79e2b8e7adc22f0a.nii.gz;Area-hOc4lp_pmap_r_N10_nlin2Stdcolin27_5.2_public_a6cbed7398255aceeee383fbc13f40a8.nii.gz;Area-hOc4lp_pmap_l_N10_nlin2ICBM152asym2009c_5.2_public_7254624d8fe14f8f73ce6be06f916aff.nii.gz;Area-hOc4lp_pmap_r_N10_nlin2ICBM152asym2009c_5.2_public_af47b9d3fcc30d4e33e0c497b60b218a.nii.gz;1;1;1
Area-hOc4v;5.2;Area-hOc4v_pmap_l_N10_nlin2Stdcolin27_5.2_public_e8f71a38cf370bd547aa40e789997809.nii.gz;Area-hOc4v_pmap_r_N10_nlin2Stdcolin27_5.2_public_89509f1467d326dff746efed579e07d6.nii.gz;Area-hOc4v_pmap_l_N10_nlin2ICBM152asym2009c_5.2_public_ff2be9cdf1a544b4581e0e72e5123e91.nii.gz;Area-hOc4v_pmap_r_N10_nlin2ICBM152asym2009c_5.2_public_f3c4207c3a41a0c1403445eec41aa7fe.nii.gz;1;1;1
Area-hOc5;4.2;Area-hOc5_pmap_l_N10_nlin2Stdcolin27_4.2_public_a378532a118c5e628ded11e83362c062.nii.gz;Area-hOc5_pmap_r_N10_nlin2Stdcolin27_4.2_public_10476c3a637efc2a4b035efae20fe992.nii.gz;Area-hOc5_pmap_l_N10_nlin2ICBM152asym2009c_4.2_public_700aabd311306edacddfe42f0751c645.nii.gz;Area-hOc5_pmap_r_N10_nlin2ICBM152asym2009c_4.2_public_d41e035ad94c83febc2fc4addbeefd23.nii.gz;1;1;1
Area-hOc6;7.3;Area-hOc6_pmap_l_N10_nlin2Stdcolin27_7.3_public_f8e7514f9173380f644d84e7a8b4673a.nii.gz;Area-hOc6_pmap_r_N10_nlin2Stdcolin27_7.3_public_05e018263c0f1a4feb8fd35950273e87.nii.gz;Area-hOc6_pmap_l_N10_nlin2ICBM152asym2009c_7.3_public_0fedd60515cc00de653d26067082da37.nii.gz;Area-hOc6_pmap_r_N10_nlin2ICBM152asym2009c_7.3_public_c5246423a6642921fdfd001562fc6182.nii.gz;1;1;1
Area-hPO1;7.3;Area-hPO1_pmap_l_N10_nlin2Stdcolin27_7.3_public_154cefbeb094a1573e99f0409ac5da74.nii.gz;Area-hPO1_pmap_r_N10_nlin2Stdcolin27_7.3_public_56672dc5c107d60723e3cb94e307bcdd.nii.gz;Area-hPO1_pmap_l_N10_nlin2ICBM152asym2009c_7.3_public_c0700ce574a757b58c4ac4087e1fc36c.nii.gz;Area-hPO1_pmap_r_N10_nlin2ICBM152asym2009c_7.3_public_39156c24ec47d85086725ba0ab5f16ef.nii.gz;1;1;1
Area-p24ab.p24a;20.1;Area-p24ab.p24a_pmap_l_N10_nlin2Stdcolin27_20.1_publicP_bbc32233fb0ca6932b2e3e62748a77af.nii.gz;Area-p24ab.p24a_pmap_r_N10_nlin2Stdcolin27_20.1_publicP_322034494134e901dc8b6424f089e064.nii.gz;Area-p24ab.p24a_pmap_l_N10_nlin2ICBM152asym2009c_20.1_publicP_1731694044b8a5a399a04b34c305523c.nii.gz;Area-p24ab.p24a_pmap_r_N10_nlin2ICBM152asym2009c_20.1_publicP_a054de1cbc2a5945e861ee3346ed80eb.nii.gz;0;1;0
Area-p24ab.p24b;20.1;Area-p24ab.p24b_pmap_l_N10_nlin2Stdcolin27_20.1_publicP_196add3cdabe5c6010790c31e6d0db24.nii.gz;Area-p24ab.p24b_pmap_r_N10_nlin2Stdcolin27_20.1_publicP_001aeae3e6f6693f282f613b581642d2.nii.gz;Area-p24ab.p24b_pmap_l_N10_nlin2ICBM152asym2009c_20.1_publicP_3e2bdc882e98185f2bed4755bd2c79c8.nii.gz;Area-p24ab.p24b_pmap_r_N10_nlin2ICBM152asym2009c_20.1_publicP_601dd407e392d1b22bdc06029d73f012.nii.gz;0;1;0
Area-p24ab;20.1;Area-p24ab_pmap_l_N10_nlin2Stdcolin27_20.1_public_00a118aca35b53a32cb68d50ad3271ab.nii.gz;Area-p24ab_pmap_r_N10_nlin2Stdcolin27_20.1_public_d22a39e6b1c0f2a0c11dd0f37b88c4d3.nii.gz;Area-p24ab_pmap_l_N10_nlin2ICBM152asym2009c_20.1_public_69197251453e70d78d5e9e78890e8062.nii.gz;Area-p24ab_pmap_r_N10_nlin2ICBM152asym2009c_20.1_public_af678e2da3a108219e7e11db2f64317e.nii.gz;1;0;1
Area-p24c.pd24cd;20.1;Area-p24c.pd24cd_pmap_l_N10_nlin2Stdcolin27_20.1_publicP_42a84e3d87670dd839320f7b5144e098.nii.gz;Area-p24c.pd24cd_pmap_r_N10_nlin2Stdcolin27_20.1_publicP_4a7abe57ceeeba8e679dcee4df563aef.nii.gz;Area-p24c.pd24cd_pmap_l_N10_nlin2ICBM152asym2009c_20.1_publicP_2ffd58855507d4efbeac0f251e5ce319.nii.gz;Area-p24c.pd24cd_pmap_r_N10_nlin2ICBM152asym2009c_20.1_publicP_29a5510975649b840098cc30eae92b49.nii.gz;0;1;0
Area-p24c.pd24cv;20.1;Area-p24c.pd24cv_pmap_l_N10_nlin2Stdcolin27_20.1_publicP_457c3ddf27ab06595c60472bf2cd3d9e.nii.gz;Area-p24c.pd24cv_pmap_r_N10_nlin2Stdcolin27_20.1_publicP_14126346e9eacec70e62253c58151219.nii.gz;Area-p24c.pd24cv_pmap_l_N10_nlin2ICBM152asym2009c_20.1_publicP_f22eaafd34c9f401c8301fefa0e8d511.nii.gz;Area-p24c.pd24cv_pmap_r_N10_nlin2ICBM152asym2009c_20.1_publicP_4ababf3b52ae22f4825abe1390e51e1f.nii.gz;0;1;0
Area-p24c.pv24c;20.1;Area-p24c.pv24c_pmap_l_N10_nlin2Stdcolin27_20.1_publicP_150fc2975486a42e44ca3796da06c0a0.nii.gz;Area-p24c.pv24c_pmap_r_N10_nlin2Stdcolin27_20.1_publicP_1d83bb07990c1f773b3c33d6f97c10a2.nii.gz;Area-p24c.pv24c_pmap_l_N10_nlin2ICBM152asym2009c_20.1_publicP_d67dc93ad0f8a86b9ab4891f559d62ca.nii.gz;Area-p24c.pv24c_pmap_r_N10_nlin2ICBM152asym2009c_20.1_publicP_6e8ea7038ff674a204c5b132c483d7e3.nii.gz;0;1;0
Area-p24c;20.1;Area-p24c_pmap_l_N10_nlin2Stdcolin27_20.1_public_16528dc4f5a7fc87b93c8c27ae675bb4.nii.gz;Area-p24c_pmap_r_N10_nlin2Stdcolin27_20.1_public_a06a7f1e39cc594c8e3bc228ff2d3a3b.nii.gz;Area-p24c_pmap_l_N10_nlin2ICBM152asym2009c_20.1_public_c7486fad9a485a852066c562cc8256ed.nii.gz;Area-p24c_pmap_r_N10_nlin2ICBM152asym2009c_20.1_public_8e63e236efcd60ecbfb9077c3f3a5e06.nii.gz;1;0;1
Area-p32;20.1;Area-p32_pmap_l_N10_nlin2Stdcolin27_20.1_public_bed882ee377f0cb7614e90fd152d02ea.nii.gz;Area-p32_pmap_r_N10_nlin2Stdcolin27_20.1_public_b8e78064d88981503f0ab68f1c1a5d66.nii.gz;Area-p32_pmap_l_N10_nlin2ICBM152asym2009c_20.1_public_2e8dfaf1f571aa64895083ff323c9959.nii.gz;Area-p32_pmap_r_N10_nlin2ICBM152asym2009c_20.1_public_7f5442d689f427e09851ac4a43a937ac.nii.gz;1;1;1
Area-s24.s24a;20.1;Area-s24.s24a_pmap_l_N10_nlin2Stdcolin27_20.1_publicP_fd943a3b7fa5a24e6edd6a94d78b84fb.nii.gz;Area-s24.s24a_pmap_r_N10_nlin2Stdcolin27_20.1_publicP_5de97799c2ac239fcd9465555fac17a2.nii.gz;Area-s24.s24a_pmap_l_N10_nlin2ICBM152asym2009c_20.1_publicP_90346967ab41632db7960eac4c125ef4.nii.gz;Area-s24.s24a_pmap_r_N10_nlin2ICBM152asym2009c_20.1_publicP_59d9f8f590c7173188ab3ae31ab5d060.nii.gz;0;1;0
Area-s24.s24b;20.1;Area-s24.s24b_pmap_l_N10_nlin2Stdcolin27_20.1_publicP_ab82dd21d2db85276c59b9f4efea6ce2.nii.gz;Area-s24.s24b_pmap_r_N10_nlin2Stdcolin27_20.1_publicP_550f187db366f23361c4035f036208d3.nii.gz;Area-s24.s24b_pmap_l_N10_nlin2ICBM152asym2009c_20.1_publicP_285a18de7c6dc0d39ae797d0389946ec.nii.gz;Area-s24.s24b_pmap_r_N10_nlin2ICBM152asym2009c_20.1_publicP_b1b16e0d54c138be054f014ff56917b4.nii.gz;0;1;0
Area-s24;20.1;Area-s24_pmap_l_N10_nlin2Stdcolin27_20.1_public_82949f5bec0601007179d3d0fe68ae39.nii.gz;Area-s24_pmap_r_N10_nlin2Stdcolin27_20.1_public_1cd8e14641763c604f168416c5883e62.nii.gz;Area-s24_pmap_l_N10_nlin2ICBM152asym2009c_20.1_public_4d138b1fb73e5cc8c99c5462c3bae6b7.nii.gz;Area-s24_pmap_r_N10_nlin2ICBM152asym2009c_20.1_public_41331b6c45be1ddf4c0ecaf7b1e5babd.nii.gz;1;0;1
Area-s32;20.1;Area-s32_pmap_l_N10_nlin2Stdcolin27_20.1_public_f141b66c310b4996581d1252649fe250.nii.gz;Area-s32_pmap_r_N10_nlin2Stdcolin27_20.1_public_06271811aa3f5b71b1908089c8fcdd9a.nii.gz;Area-s32_pmap_l_N10_nlin2ICBM152asym2009c_20.1_public_1203a47d1d187d28ad781f2d76f95647.nii.gz;Area-s32_pmap_r_N10_nlin2ICBM152asym2009c_20.1_public_8532a67155f10d953d41d1640d589486.nii.gz;1;1;1
BST;6.1;BST_pmap_l_N10_nlin2Stdcolin27_6.1_public_ad0a2604d082e614072fdbe0086f1d24.nii.gz;BST_pmap_r_N10_nlin2Stdcolin27_6.1_public_4f33034bb3d9db0abdb644d626de2751.nii.gz;BST_pmap_l_N10_nlin2ICBM152asym2009c_6.1_public_8dd956e87944fbdcc2049d83d81de3ab.nii.gz;BST_pmap_r_N10_nlin2ICBM152asym2009c_6.1_public_342d0854179eca80e9e0435aa768a327.nii.gz;1;1;0
CA1;13.2;CA1_pmap_l_N10_nlin2Stdcolin27_13.2_public_2dc6e36aa5e1422363c92ef0f2e039f1.nii.gz;CA1_pmap_r_N10_nlin2Stdcolin27_13.2_public_484e092f3482797f3a3c8c94f37466c3.nii.gz;CA1_pmap_l_N10_nlin2ICBM152asym2009c_13.2_public_6d6a3612b914c9dfff16ce6b72de7dc6.nii.gz;CA1_pmap_r_N10_nlin2ICBM152asym2009c_13.2_public_e56d2271651174e4194f57cf3a0f7db4.nii.gz;1;1;1
CA2;13.2;CA2_pmap_l_N10_nlin2Stdcolin27_13.2_public_b674f83ff6cb3d0bc622c621ba723f40.nii.gz;CA2_pmap_r_N10_nlin2Stdcolin27_13.2_public_6719e25798892ca8cf22bb2890646403.nii.gz;CA2_pmap_l_N10_nlin2ICBM152asym2009c_13.2_public_aa7133f6e5096f64d625aa3d71fb8740.nii.gz;CA2_pmap_r_N10_nlin2ICBM152asym2009c_13.2_public_8e44ae5f6fce725d17a1092d1d59f3ec.nii.gz;1;1;0
CA3;13.2;CA3_pmap_l_N10_nlin2Stdcolin27_13.2_public_a4f4365cb55fd94ce7200411a723b4fd.nii.gz;CA3_pmap_r_N10_nlin2Stdcolin27_13.2_public_f55323d52cac86f70c70c3af63552746.nii.gz;CA3_pmap_l_N10_nlin2ICBM152asym2009c_13.2_public_2a4aa7005a5f68ac3356639366a4ff3c.nii.gz;CA3_pmap_r_N10_nlin2ICBM152asym2009c_13.2_public_c37cfe22cf8f4622d5bcb352a9f06a10.nii.gz;1;1;0
CGL;10.0;CGL_pmap_l_N10_nlin2Stdcolin27_10.0_public_88cf5b9bf8cb35e33a37122eadb64099.nii.gz;CGL_pmap_r_N10_nlin2Stdcolin27_10.0_public_555c33f4511047f02f65f266e3c1ab5d.nii.gz;CGL_pmap_l_N10_nlin2ICBM152asym2009c_10.0_public_5958c3f5255df1271eaa5a8672e39510.nii.gz;CGL_pmap_r_N10_nlin2ICBM152asym2009c_10.0_public_9e0ae8ecf6394abed7ac3a6c980777bf.nii.gz;1;1;1
CGM;10.0;CGM_pmap_l_N10_nlin2Stdcolin27_10.0_public_aa4856685cde8d23c75e6333bd8bcfa2.nii.gz;CGM_pmap_r_N10_nlin2Stdcolin27_10.0_public_f0aa2e8515da3abe4937f52a60122383.nii.gz;CGM_pmap_l_N10_nlin2ICBM152asym2009c_10.0_public_530f787f17e873656adc9949d0d8549f.nii.gz;CGM_pmap_r_N10_nlin2ICBM152asym2009c_10.0_public_4cc6a48e020eb612d87d84c90e0761cc.nii.gz;1;1;1
CM.AAA;8.2;CM.AAA_pmap_l_N10_nlin2Stdcolin27_8.2_publicP_79801c2e10c5ccdb3b1e445a06f0342b.nii.gz;CM.AAA_pmap_r_N10_nlin2Stdcolin27_8.2_publicP_e2883d8c5e2afd692815df56e4d6f503.nii.gz;CM.AAA_pmap_l_N10_nlin2ICBM152asym2009c_8.2_publicP_241c5bba098ea10729dd169739bd2549.nii.gz;CM.AAA_pmap_r_N10_nlin2ICBM152asym2009c_8.2_publicP_7525356bb0d3c7b92b57ec1b53e33a57.nii.gz;0;1;0
CM.Ce;8.2;CM.Ce_pmap_l_N10_nlin2Stdcolin27_8.2_publicP_01adab8b80c0cd54dcc0ceed938517de.nii.gz;CM.Ce_pmap_r_N10_nlin2Stdcolin27_8.2_publicP_dd7826a0b17404090c2c5f2a0df15dac.nii.gz;CM.Ce_pmap_l_N10_nlin2ICBM152asym2009c_8.2_publicP_3007699b165f55af7b80ce35edc53140.nii.gz;CM.Ce_pmap_r_N10_nlin2ICBM152asym2009c_8.2_publicP_a47f78dfe778c8e57c5d1508c9a8507f.nii.gz;0;1;0
CM.Me;8.2;CM.Me_pmap_l_N10_nlin2Stdcolin27_8.2_publicP_a778fc7f8651bfae67a358221ba269af.nii.gz;CM.Me_pmap_r_N10_nlin2Stdcolin27_8.2_publicP_78da0bebbba7cda724fe1f3381e5d7ad.nii.gz;CM.Me_pmap_l_N10_nlin2ICBM152asym2009c_8.2_publicP_97926813e210f5fac6f64a0619163be0.nii.gz;CM.Me_pmap_r_N10_nlin2ICBM152asym2009c_8.2_publicP_a3415b56f0943b98528c6e4d5dbaabe8.nii.gz;0;1;0
CM;8.2;CM_pmap_l_N10_nlin2Stdcolin27_8.2_public_e0dab98e9022f056f78ba4e41c272e5b.nii.gz;CM_pmap_r_N10_nlin2Stdcolin27_8.2_public_2821fbf78e0a49b2fcd8f28298bc5fa1.nii.gz;CM_pmap_l_N10_nlin2ICBM152asym2009c_8.2_public_5f8693b2bb6b8e86192a4c8c1b0f3de4.nii.gz;CM_pmap_r_N10_nlin2ICBM152asym2009c_8.2_public_adcfe27aba16370a84b076f30e814cea.nii.gz;1;0;0
Ch-123;4.3;Ch-123_pmap_l_N10_nlin2Stdcolin27_4.3_public_a4e41485b3e9c89350d1fcd6914d567e.nii.gz;Ch-123_pmap_r_N10_nlin2Stdcolin27_4.3_public_7a6ddcc313ecc2c4542f35fae437b1e3.nii.gz;Ch-123_pmap_l_N10_nlin2ICBM152asym2009c_4.3_public_168e34a2cd0d49df2fba93e42cf2fe21.nii.gz;Ch-123_pmap_r_N10_nlin2ICBM152asym2009c_4.3_public_a7b6bde1103bf4b9433fbabdf6f52782.nii.gz;1;1;0
Ch-4;4.3;Ch-4_pmap_l_N10_nlin2Stdcolin27_4.3_public_9eb942fe0694f7a25b34bca8cbd89a00.nii.gz;Ch-4_pmap_r_N10_nlin2Stdcolin27_4.3_public_cd209a3342172b5bb70b19aa5307cb9a.nii.gz;Ch-4_pmap_l_N10_nlin2ICBM152asym2009c_4.3_public_f39cf20c67befc68c70fe6226d00be88.nii.gz;Ch-4_pmap_r_N10_nlin2ICBM152asym2009c_4.3_public_86d192b1a1c3156fb8c9558d90c962e9.nii.gz;1;1;0
DG;13.2;DG_pmap_l_N10_nlin2Stdcolin27_13.2_public_66b908507dfffed2d3b0412d33f2f349.nii.gz;DG_pmap_r_N10_nlin2Stdcolin27_13.2_public_4caa945fb4cf9e05fc43732f770387ca.nii.gz;DG_pmap_l_N10_nlin2ICBM152asym2009c_13.2_public_b3b0246d708be3b1b9d80f5d9b31568f.nii.gz;DG_pmap_r_N10_nlin2ICBM152asym2009c_13.2_public_1434aa9a0c37d71785d214dd411e5780.nii.gz;1;1;0
Dorsal-Dentate-Nucleus;6.3;Dorsal-Dentate-Nucleus_pmap_l_N10_nlin2Stdcolin27_6.3_public_1c91a3a7826d48c3b105c903512fe26f.nii.gz;Dorsal-Dentate-Nucleus_pmap_r_N10_nlin2Stdcolin27_6.3_public_98d0908fd38de72f91287f1e4c834f5d.nii.gz;Dorsal-Dentate-Nucleus_pmap_l_N10_nlin2ICBM152asym2009c_6.3_public_9f6aef476b28c90b959764611e32d875.nii.gz;Dorsal-Dentate-Nucleus_pmap_r_N10_nlin2ICBM152asym2009c_6.3_public_dd3b540681341aef7377b650d6154f5c.nii.gz;1;1;0
Entorhinal-Cortex;13.2;Entorhinal-Cortex_pmap_l_N10_nlin2Stdcolin27_13.2_public_6f175ac256953b7f3a52ba555afd747e.nii.gz;Entorhinal-Cortex_pmap_r_N10_nlin2Stdcolin27_13.2_public_99a0f5a5e5caea70de32b16260afcc74.nii.gz;Entorhinal-Cortex_pmap_l_N10_nlin2ICBM152asym2009c_13.2_public_fd6543b3ede5e0ed47a6877fa1abbc15.nii.gz;Entorhinal-Cortex_pmap_r_N10_nlin2ICBM152asym2009c_13.2_public_f004407609d32e2b0934270e11401fb1.nii.gz;1;1;1
Fastigial-Nucleus;6.3;Fastigial-Nucleus_pmap_l_N10_nlin2Stdcolin27_6.3_public_3c098fe0a66935266328de3d6b21a79d.nii.gz;Fastigial-Nucleus_pmap_r_N10_nlin2Stdcolin27_6.3_public_ef4e4de7575d641bf79fdff1a48b6212.nii.gz;Fastigial-Nucleus_pmap_l_N10_nlin2ICBM152asym2009c_6.3_public_a9d43766a9f342bfecd14dd5f4afb0ee.nii.gz;Fastigial-Nucleus_pmap_r_N10_nlin2ICBM152asym2009c_6.3_public_6b8cee86b7cfffa2e2a76a248f7bdad9.nii.gz;1;1;0
Frontal-I;11.4;Frontal-I_pmap_l_N10_nlin2Stdcolin27_11.4_public_a7cc632a8d736bd5eb0d4b0d3a5476e4.nii.gz;Frontal-I_pmap_r_N10_nlin2Stdcolin27_11.4_public_0a7a2600009b10d50e9d8f30ac5329b7.nii.gz;Frontal-I_pmap_l_N10_nlin2ICBM152asym2009c_11.4_public_08e7bd4e3e289650147712076775218d.nii.gz;Frontal-I_pmap_r_N10_nlin2ICBM152asym2009c_11.4_public_47a6d1cf681f3b5f628d7d0dbe156d12.nii.gz;1;1;1
Frontal-II;11.4;Frontal-II_pmap_l_N10_nlin2Stdcolin27_11.4_public_1e9bf5fa07fa67620188f9dfe939ffd1.nii.gz;Frontal-II_pmap_r_N10_nlin2Stdcolin27_11.4_public_8152206ff97937c992d1ac00cd947717.nii.gz;Frontal-II_pmap_l_N10_nlin2ICBM152asym2009c_11.4_public_f2f8fd7a522d00c1d1ca94dacf91d9c6.nii.gz;Frontal-II_pmap_r_N10_nlin2ICBM152asym2009c_11.4_public_8cb3deb7da02e777765f44b772e835b9.nii.gz;1;1;1
Frontal-to-Occipital;11.4;Frontal-to-Occipital_pmap_l_N10_nlin2Stdcolin27_11.4_public_34b7790135adbb57b6abaf443c7434fb.nii.gz;Frontal-to-Occipital_pmap_r_N10_nlin2Stdcolin27_11.4_public_8b8081abca20ea2c9f79290f28c1adf5.nii.gz;Frontal-to-Occipital_pmap_l_N10_nlin2ICBM152asym2009c_11.4_public_1f8127e3db1a5a9a3e10a23477c35871.nii.gz;Frontal-to-Occipital_pmap_r_N10_nlin2ICBM152asym2009c_11.4_public_d82a0bc747fc159c1f05e4ecb8623708.nii.gz;1;1;1
Frontal-to-Temporal-I;11.4;Frontal-to-Temporal-I_pmap_l_N10_nlin2Stdcolin27_11.4_public_10035a3aec586eb83ea6e9b85a4b8fd8.nii.gz;Frontal-to-Temporal-I_pmap_r_N10_nlin2Stdcolin27_11.4_public_f88e012f6ad4471098eb50c9790cbd6c.nii.gz;Frontal-to-Temporal-I_pmap_l_N10_nlin2ICBM152asym2009c_11.4_public_176d607343a1bcd77a9891082acc1e28.nii.gz;Frontal-to-Temporal-I_pmap_r_N10_nlin2ICBM152asym2009c_11.4_public_8f01e351134ee9002c56ba47580f7825.nii.gz;1;1;1
Frontal-to-Temporal-II;11.4;Frontal-to-Temporal-II_pmap_l_N10_nlin2Stdcolin27_11.4_public_2fde8bd234f1e0fd474f3f7207b39481.nii.gz;Frontal-to-Temporal-II_pmap_r_N10_nlin2Stdcolin27_11.4_public_63b7540d93439aade7771a3943e5947b.nii.gz;Frontal-to-Temporal-II_pmap_l_N10_nlin2ICBM152asym2009c_11.4_public_83e1502f86c92573da216b5e3a819795.nii.gz;Frontal-to-Temporal-II_pmap_r_N10_nlin2ICBM152asym2009c_11.4_public_840b902a62b54d1e483bbd3cefbf8845.nii.gz;1;1;0
FuCd;5.0;FuCd_pmap_l_N10_nlin2Stdcolin27_5.0_public_782d31df358f57d9fe76a5cda49f617e.nii.gz;FuCd_pmap_r_N10_nlin2Stdcolin27_5.0_public_8fe115a20a53b21d405a9a5255059f85.nii.gz;FuCd_pmap_l_N10_nlin2ICBM152asym2009c_5.0_public_6f8ae41fdbfb59626cca8f7b7d0defeb.nii.gz;FuCd_pmap_r_N10_nlin2ICBM152asym2009c_5.0_public_75bc296fb0875d64576fb808cc952f92.nii.gz;1;1;0
FuP;5.0;FuP_pmap_l_N10_nlin2Stdcolin27_5.0_public_aed3b255aa06c71dc329766be82998be.nii.gz;FuP_pmap_r_N10_nlin2Stdcolin27_5.0_public_b24d3cb8a2798423ea54fded2f87f053.nii.gz;FuP_pmap_l_N10_nlin2ICBM152asym2009c_5.0_public_a9ef9f2b3835bb66a4bc5bb8f40a8d9a.nii.gz;FuP_pmap_r_N10_nlin2ICBM152asym2009c_5.0_public_1258f3b3f9b92995bafe29e0d082a053.nii.gz;1;1;0
HATA;13.2;HATA_pmap_l_N10_nlin2Stdcolin27_13.2_public_f45ea9d1275d61eeec0ada69f05bab62.nii.gz;HATA_pmap_r_N10_nlin2Stdcolin27_13.2_public_8f2e32d3454236391124e6695721e214.nii.gz;HATA_pmap_l_N10_nlin2ICBM152asym2009c_13.2_public_b9814c2f6f695ae3140bd7133913a043.nii.gz;HATA_pmap_r_N10_nlin2ICBM152asym2009c_13.2_public_bedf3bdb9e0362c421582652ac231631.nii.gz;1;1;1
HC-Transsubiculum;13.2;HC-Transsubiculum_pmap_l_N10_nlin2Stdcolin27_13.2_public_97ffe2e3d8928341ca69ddfd07e93cda.nii.gz;HC-Transsubiculum_pmap_r_N10_nlin2Stdcolin27_13.2_public_563d42c9f737d269ff8f91e9f1510c89.nii.gz;HC-Transsubiculum_pmap_l_N10_nlin2ICBM152asym2009c_13.2_public_3755ce8641cf01810f6bb411e79bbd90.nii.gz;HC-Transsubiculum_pmap_r_N10_nlin2ICBM152asym2009c_13.2_public_628eb716d34351ebb26a41178fac5d5b.nii.gz;1;1;1
IF.ice;8.2;IF.ice_pmap_l_N10_nlin2Stdcolin27_8.2_publicP_6777b1725f08bd6ec9155b450a2a83a6.nii.gz;IF.ice_pmap_r_N10_nlin2Stdcolin27_8.2_publicP_4ac4c75d037254988913341ed5c23975.nii.gz;IF.ice_pmap_l_N10_nlin2ICBM152asym2009c_8.2_publicP_e215ceeef1c88c693957a1e48c11dbcb.nii.gz;IF.ice_pmap_r_N10_nlin2ICBM152asym2009c_8.2_publicP_eb4147a56e41bbd0d29d66c892c7dab8.nii.gz;0;1;0
IF.iol;8.2;IF.iol_pmap_l_N10_nlin2Stdcolin27_8.2_publicP_2be8d042f061f038c0cc712dc086d1fc.nii.gz;IF.iol_pmap_r_N10_nlin2Stdcolin27_8.2_publicP_8decf081493ee3ab3a98d199efdd4078.nii.gz;IF.iol_pmap_l_N10_nlin2ICBM152asym2009c_8.2_publicP_655d4bdef80e3da88bb41ed926da471d.nii.gz;IF.iol_pmap_r_N10_nlin2ICBM152asym2009c_8.2_publicP_d5572272c198a65b9278642fa96c211b.nii.gz;0;1;0
IF.ld;8.2;IF.ld_pmap_l_N10_nlin2Stdcolin27_8.2_publicP_5e1ea01a40100e46a30201a156d965c7.nii.gz;IF.ld_pmap_r_N10_nlin2Stdcolin27_8.2_publicP_a6cc32b153d27fd12715ebb10386f237.nii.gz;IF.ld_pmap_l_N10_nlin2ICBM152asym2009c_8.2_publicP_da353b5a4e969605f9544b3296e68e79.nii.gz;IF.ld_pmap_r_N10_nlin2ICBM152asym2009c_8.2_publicP_d313d5733662f285fb37df1622c5ae2c.nii.gz;0;1;0
IF;8.2;IF_pmap_l_N10_nlin2Stdcolin27_8.2_public_f34f06c4ee1c4660c812bee88a8b40db.nii.gz;IF_pmap_r_N10_nlin2Stdcolin27_8.2_public_97927f69a5d5887c60ea2cc27e54971f.nii.gz;IF_pmap_l_N10_nlin2ICBM152asym2009c_8.2_public_d3f6b70c0d7ebcd58b5e42f598e0a121.nii.gz;IF_pmap_r_N10_nlin2ICBM152asym2009c_8.2_public_584c1ad19540bedfa614f39ac3a2196c.nii.gz;1;0;0
Interposed-Nucleus;6.3;Interposed-Nucleus_pmap_l_N10_nlin2Stdcolin27_6.3_public_a69f95726d7cb674eed905fd55f5b78a.nii.gz;Interposed-Nucleus_pmap_r_N10_nlin2Stdcolin27_6.3_public_e6ac7fffa112ce09d44101ebbe2fbb3d.nii.gz;Interposed-Nucleus_pmap_l_N10_nlin2ICBM152asym2009c_6.3_public_954a92e266da273ddfb712b919b7a41d.nii.gz;Interposed-Nucleus_pmap_r_N10_nlin2ICBM152asym2009c_6.3_public_0d5f64194cee28e5c551e6d0a153f5d5.nii.gz;1;1;0
LB.Bl;8.2;LB.Bl_pmap_l_N10_nlin2Stdcolin27_8.2_publicP_80ac7dac784793189f28ea20b480c5c4.nii.gz;LB.Bl_pmap_r_N10_nlin2Stdcolin27_8.2_publicP_301a1f77810fd4120d020ce2cc4b204e.nii.gz;LB.Bl_pmap_l_N10_nlin2ICBM152asym2009c_8.2_publicP_2a3be0f4977b9e7a58640c412c6f7ae4.nii.gz;LB.Bl_pmap_r_N10_nlin2ICBM152asym2009c_8.2_publicP_ba2ed23746a2206a09aefad46071c0db.nii.gz;0;1;0
LB.Bm;8.2;LB.Bm_pmap_l_N10_nlin2Stdcolin27_8.2_publicP_8e49eb0fdbc70173260fee7f7a15a9fa.nii.gz;LB.Bm_pmap_r_N10_nlin2Stdcolin27_8.2_publicP_659363cf6ced78efcb277615399d51ba.nii.gz;LB.Bm_pmap_l_N10_nlin2ICBM152asym2009c_8.2_publicP_2ea4790a020d39c215a3d5ab5f65e8bd.nii.gz;LB.Bm_pmap_r_N10_nlin2ICBM152asym2009c_8.2_publicP_b0b7ac7630b58f05280d1b7ca50cb7a4.nii.gz;0;1;0
LB.La;8.2;LB.La_pmap_l_N10_nlin2Stdcolin27_8.2_publicP_bab12bf495fac605f241acc3112bddd9.nii.gz;LB.La_pmap_r_N10_nlin2Stdcolin27_8.2_publicP_37b9c27be656715bcb45c61009d258f5.nii.gz;LB.La_pmap_l_N10_nlin2ICBM152asym2009c_8.2_publicP_4d03621b3f553339f3e0041a741c0125.nii.gz;LB.La_pmap_r_N10_nlin2ICBM152asym2009c_8.2_publicP_350ce55fb51f20de1fcbc7b4f94c9cc8.nii.gz;0;1;0
LB.Pl;8.2;LB.Pl_pmap_l_N10_nlin2Stdcolin27_8.2_publicP_5b78e56ab18cdc3e06c356674ece7da3.nii.gz;LB.Pl_pmap_r_N10_nlin2Stdcolin27_8.2_publicP_09cac22a214d854ea289c4598d274bb3.nii.gz;LB.Pl_pmap_l_N10_nlin2ICBM152asym2009c_8.2_publicP_f24099905e7af1851e685f4eecd133e4.nii.gz;LB.Pl_pmap_r_N10_nlin2ICBM152asym2009c_8.2_publicP_efbaf745ced110a7da6bbc395c73760d.nii.gz;0;1;0
LB;8.2;LB_pmap_l_N10_nlin2Stdcolin27_8.2_public_a35d89db8c1565cfeb660e3e4ebf2111.nii.gz;LB_pmap_r_N10_nlin2Stdcolin27_8.2_public_928f389b47eab0f9ca16f3595551cff9.nii.gz;LB_pmap_l_N10_nlin2ICBM152asym2009c_8.2_public_3793b2324d61f699acf41e47fd4b0b3c.nii.gz;LB_pmap_r_N10_nlin2ICBM152asym2009c_8.2_public_05ec292d74691d78237f2b47ee14203b.nii.gz;1;0;0
MF.icm;8.2;MF.icm_pmap_l_N10_nlin2Stdcolin27_8.2_publicP_eb7b1e9f03a512d59f62060095693f68.nii.gz;MF.icm_pmap_r_N10_nlin2Stdcolin27_8.2_publicP_be5c6ce47c28f080c1dd5e3da320863a.nii.gz;MF.icm_pmap_l_N10_nlin2ICBM152asym2009c_8.2_publicP_e8b43db38c784f6dcc343670280006ed.nii.gz;MF.icm_pmap_r_N10_nlin2ICBM152asym2009c_8.2_publicP_88f2ba7ab91982cd4c95b1e4717e4b13.nii.gz;0;1;0
MF.lm;8.2;MF.lm_pmap_l_N10_nlin2Stdcolin27_8.2_publicP_a197c0bec2d97fe5669911827b5872d4.nii.gz;MF.lm_pmap_r_N10_nlin2Stdcolin27_8.2_publicP_1d74c2b4325eac7de974d47eb441dfd8.nii.gz;MF.lm_pmap_l_N10_nlin2ICBM152asym2009c_8.2_publicP_283f463c2ce7dac0c602fa2e5096197c.nii.gz;MF.lm_pmap_r_N10_nlin2ICBM152asym2009c_8.2_publicP_e20e86b291fc705dd69447c08348643a.nii.gz;0;1;0
MF;8.2;MF_pmap_l_N10_nlin2Stdcolin27_8.2_public_44ba5e3d5c2b35674210e3b85dc66a6d.nii.gz;MF_pmap_r_N10_nlin2Stdcolin27_8.2_public_3e66ebc22d8d27ad83fc0bed4970bef1.nii.gz;MF_pmap_l_N10_nlin2ICBM152asym2009c_8.2_public_aa999288973ff532fca4829a3cd56709.nii.gz;MF_pmap_r_N10_nlin2ICBM152asym2009c_8.2_public_50844e581c0a60c478a9d90cb7d643a0.nii.gz;1;0;0
SF.AHi;8.2;SF.AHi_pmap_l_N10_nlin2Stdcolin27_8.2_publicP_c96ee0245f9b417e539bc872f77036da.nii.gz;SF.AHi_pmap_r_N10_nlin2Stdcolin27_8.2_publicP_697e76b621bf4004e8e33da640b942b1.nii.gz;SF.AHi_pmap_l_N10_nlin2ICBM152asym2009c_8.2_publicP_142b25d9a819aeb4bbfe980acbf5b8ef.nii.gz;SF.AHi_pmap_r_N10_nlin2ICBM152asym2009c_8.2_publicP_1c8c16f37ea207e7fa28dd19582fcf0a.nii.gz;0;1;0
SF.APir;8.2;SF.APir_pmap_l_N10_nlin2Stdcolin27_8.2_publicP_0397374a5ecf0fcc9962f8bb25c2e5e6.nii.gz;SF.APir_pmap_r_N10_nlin2Stdcolin27_8.2_publicP_615764ce9e18bf3b88e8a606d9a320ca.nii.gz;SF.APir_pmap_l_N10_nlin2ICBM152asym2009c_8.2_publicP_9a023c255dbd8fabd35641cb1f424ede.nii.gz;SF.APir_pmap_r_N10_nlin2ICBM152asym2009c_8.2_publicP_b5f473c4385ddd442fd7ff8db03691e4.nii.gz;0;1;0
SF.VCo;8.2;SF.VCo_pmap_l_N10_nlin2Stdcolin27_8.2_publicP_669c5107fa199451586191a949e1c90f.nii.gz;SF.VCo_pmap_r_N10_nlin2Stdcolin27_8.2_publicP_970953a21ce0246ffd53af6333470998.nii.gz;SF.VCo_pmap_l_N10_nlin2ICBM152asym2009c_8.2_publicP_28ed4ea2e8b7541968ce5471cd20deac.nii.gz;SF.VCo_pmap_r_N10_nlin2ICBM152asym2009c_8.2_publicP_26c9404e6aceccada1e2b2ca9e4d645e.nii.gz;0;1;0
SF;8.2;SF_pmap_l_N10_nlin2Stdcolin27_8.2_public_97f284b77bf71d85f08f41b2ec7753cd.nii.gz;SF_pmap_r_N10_nlin2Stdcolin27_8.2_public_df1978f69cdc3237d0c8188fe661c982.nii.gz;SF_pmap_l_N10_nlin2ICBM152asym2009c_8.2_public_d5bf2b26667383d87246706ae2eddb47.nii.gz;SF_pmap_r_N10_nlin2ICBM152asym2009c_8.2_public_a9aa8e5523fe0b5a5e448f3f4606b81c.nii.gz;1;0;0
STN;5.0;STN_pmap_l_N10_nlin2Stdcolin27_5.0_public_933919932729bf767a29a5e9ed109890.nii.gz;STN_pmap_r_N10_nlin2Stdcolin27_5.0_public_bc0377f4305770926d3beb874360816d.nii.gz;STN_pmap_l_N10_nlin2ICBM152asym2009c_5.0_public_e7a0f86714fa77e289816276c5dc6681.nii.gz;STN_pmap_r_N10_nlin2ICBM152asym2009c_5.0_public_26255f86712dabf9903b7eb511445c95.nii.gz;1;1;0
Subiculum.PaS;13.2;Subiculum.PaS_pmap_l_N10_nlin2Stdcolin27_13.2_publicP_aee6402ca4a0ddc7106e0559c602393b.nii.gz;Subiculum.PaS_pmap_r_N10_nlin2Stdcolin27_13.2_publicP_f977995caf3fa082c20aee1263b8144a.nii.gz;Subiculum.PaS_pmap_l_N10_nlin2ICBM152asym2009c_13.2_publicP_eb84259c26d70391920651f7a04328b8.nii.gz;Subiculum.PaS_pmap_r_N10_nlin2ICBM152asym2009c_13.2_publicP_2e78a819e74ce508f1e44ba6fa56a478.nii.gz;0;1;0
Subiculum.PreS;13.2;Subiculum.PreS_pmap_l_N10_nlin2Stdcolin27_13.2_publicP_f122dc4e91ea2d35c379b049e52384f2.nii.gz;Subiculum.PreS_pmap_r_N10_nlin2Stdcolin27_13.2_publicP_3e8dfacd5b42f5cf6fe702e368fcf561.nii.gz;Subiculum.PreS_pmap_l_N10_nlin2ICBM152asym2009c_13.2_publicP_aac3002c1648b3e706fd6df3adffdffd.nii.gz;Subiculum.PreS_pmap_r_N10_nlin2ICBM152asym2009c_13.2_publicP_fbac8c4fed249b167c6bf5196790d134.nii.gz;0;1;0
Subiculum.ProS;13.2;Subiculum.ProS_pmap_l_N10_nlin2Stdcolin27_13.2_publicP_2864f44ca243a72d08eab51a09d652ac.nii.gz;Subiculum.ProS_pmap_r_N10_nlin2Stdcolin27_13.2_publicP_7a776de38afd2b16d43a40ab7fc4de4c.nii.gz;Subiculum.ProS_pmap_l_N10_nlin2ICBM152asym2009c_13.2_publicP_b9eca9ceb15c0575b2c53361f2a9e62c.nii.gz;Subiculum.ProS_pmap_r_N10_nlin2ICBM152asym2009c_13.2_publicP_ee35164fa64a68eafbc042a4efe78224.nii.gz;0;1;0
Subiculum.Sub;13.2;Subiculum.Sub_pmap_l_N10_nlin2Stdcolin27_13.2_publicP_23e4881868a686910a2ef2ddb744bdbb.nii.gz;Subiculum.Sub_pmap_r_N10_nlin2Stdcolin27_13.2_publicP_400464d8ee3cd5981f8a0818a4f91bd7.nii.gz;Subiculum.Sub_pmap_l_N10_nlin2ICBM152asym2009c_13.2_publicP_f255aa3afd0191757a0c7cba2de87612.nii.gz;Subiculum.Sub_pmap_r_N10_nlin2ICBM152asym2009c_13.2_publicP_f00496c1599ccb0aa3ed4ddb61ed9497.nii.gz;0;1;0
Subiculum;13.2;Subiculum_pmap_l_N10_nlin2Stdcolin27_13.2_public_02143a2564971d0c3d2809c507e1aba1.nii.gz;Subiculum_pmap_r_N10_nlin2Stdcolin27_13.2_public_c602c41bd2193f06fd7f512dd9911b1f.nii.gz;Subiculum_pmap_l_N10_nlin2ICBM152asym2009c_13.2_public_ec1540dc256b42415dd0a8c36a91071a.nii.gz;Subiculum_pmap_r_N10_nlin2ICBM152asym2009c_13.2_public_3abf7671db1d1cfc5cd07b4e11281f47.nii.gz;1;0;0
Temporal-to-Parietal;11.4;Temporal-to-Parietal_pmap_l_N10_nlin2Stdcolin27_11.4_public_6419ad510d07f169d22f36c86e1087dc.nii.gz;Temporal-to-Parietal_pmap_r_N10_nlin2Stdcolin27_11.4_public_115ca6f617eede28d4e31c63689410d5.nii.gz;Temporal-to-Parietal_pmap_l_N10_nlin2ICBM152asym2009c_11.4_public_7a0464169aad886d661aa8b9e052235c.nii.gz;Temporal-to-Parietal_pmap_r_N10_nlin2ICBM152asym2009c_11.4_public_7081d3b40ada8313ade236f29601a068.nii.gz;1;1;1
Terminal-islands;4.0;Terminal-islands_pmap_l_N10_nlin2Stdcolin27_4.0_public_5a3b42aa37df625defb3d54af086db6b.nii.gz;Terminal-islands_pmap_r_N10_nlin2Stdcolin27_4.0_public_b52e8afb86491fe573a28b5ecd804bdd.nii.gz;Terminal-islands_pmap_l_N10_nlin2ICBM152asym2009c_4.0_public_7b565de879fe9c4fed01760408aa83f8.nii.gz;Terminal-islands_pmap_r_N10_nlin2ICBM152asym2009c_4.0_public_df56847fec9d429f4ec9ab25b375bdd2.nii.gz;1;1;0
Tuberculum;4.0;Tuberculum_pmap_l_N10_nlin2Stdcolin27_4.0_public_bb838d2ec9ddb731897633610b3a8d36.nii.gz;Tuberculum_pmap_r_N10_nlin2Stdcolin27_4.0_public_98cbba2e02b041dc476c537b9ab29ada.nii.gz;Tuberculum_pmap_l_N10_nlin2ICBM152asym2009c_4.0_public_9da27f4b53ff0e96ad51bade93bd5585.nii.gz;Tuberculum_pmap_r_N10_nlin2ICBM152asym2009c_4.0_public_3de574ad4909b2f19b14363974fe665e.nii.gz;1;1;1
VP;5.0;VP_pmap_l_N10_nlin2Stdcolin27_5.0_public_6a491fbeb743d9c1ba024f61a488f3d2.nii.gz;VP_pmap_r_N10_nlin2Stdcolin27_5.0_public_c40a4ec7bf5e3aa593a6fa1a61be9498.nii.gz;VP_pmap_l_N10_nlin2ICBM152asym2009c_5.0_public_a68acc2621750783c218bfd402bdd3bb.nii.gz;VP_pmap_r_N10_nlin2ICBM152asym2009c_5.0_public_72821e8137093e0dc2e32303899e8227.nii.gz;1;1;0
VTM;8.2;VTM_pmap_l_N10_nlin2Stdcolin27_8.2_public_fe720f60bf19ee96d70c2c3ac9ea5630.nii.gz;VTM_pmap_r_N10_nlin2Stdcolin27_8.2_public_189ce4b17626ae284b4e45662695a2e0.nii.gz;VTM_pmap_l_N10_nlin2ICBM152asym2009c_8.2_public_4b8b040fd435029305186d580d7d26ed.nii.gz;VTM_pmap_r_N10_nlin2ICBM152asym2009c_8.2_public_7971986ebcc3f57e3136d24047e098e2.nii.gz;1;1;0
Ventral-Dentate-Nucleus;6.3;Ventral-Dentate-Nucleus_pmap_l_N10_nlin2Stdcolin27_6.3_public_ddea164f554cdf58706097c90d2f4517.nii.gz;Ventral-Dentate-Nucleus_pmap_r_N10_nlin2Stdcolin27_6.3_public_6b33bfed2ba43d92b68944ed0f45446a.nii.gz;Ventral-Dentate-Nucleus_pmap_l_N10_nlin2ICBM152asym2009c_6.3_public_5edda3a4db797755a97808ad22063581.nii.gz;Ventral-Dentate-Nucleus_pmap_r_N10_nlin2ICBM152asym2009c_6.3_public_0ba3c37af501a05ed9c20e038a2a4c97.nii.gz;1;1;0
